Código da IES,Sigla da IES,Nome da IES,Categoria Administrativa,Organização Acadêmica,Situaçao da IES,Sinalização da IES,Código do Curso,Nome do Curso,Grau,Modalidade,Situação do Curso,Qt. Vagas Autorizadas,Carga Horária,Tipo de Periodicidade,Integralização - Turno Integral,Quantitativo de Vagas - Integral,Integralização - Turno Matutino,Quantitativo de Vagas - Matutino,Integralização - Turno Vespertino,Quantitativo de Vagas - Vespertino,Integralização - Turno Noturno,Quantitativo de Vagas - Noturno,Sinalização do Curso,Código do Endereço,Nome do Campus,Endereço,Número Endereço,Complemento,Bairro,Código do Município,Município,UF,Início Funcionamento,Data Ato de Criação,Valor CC,Ano CC,CPC Faixa,CPC Contínuo,CPC Ano, Valor IDD,IDD Ano,Valor ENADE,ENADE Ano,Código Rótulo CINE,Rótulo CINE,Código Área Detalhada CINE,Área Detalhada CINE,Código Área Específica CINE,Área Específica CINE,Código Área Geral CINE , Área Geral CINE 
4150,FATEP,FACULDADE DE TECNOLOGIA DE PIRACICABA,Privada com fins lucrativos,Faculdade ,Ativa,,100000,MARKETING,Tecnológico,Educação Presencial,Extinto,200,1800,Semestral,,,4.0 Semestres,100,,,4.0 Semestres,100,Visita Obrigatória no Próximo Ato,1078255,CAMPUS SEDE,Avenida Rio Claro,290,CAMPUS SEDE,Vila Areião,3538709,Piracicaba,SP,05/03/2007,1/10/2007,,,,,,,,,,0414M01,Marketing,414,Marketing e propaganda,41,Negócios e administração,4,"Negócios, administração e direito"
4150,FATEP,FACULDADE DE TECNOLOGIA DE PIRACICABA,Privada com fins lucrativos,Faculdade ,Ativa,,1510807,ENFERMAGEM,Bacharelado,Educação Presencial,Em atividade,100,4320,Semestral,,,,,,,10.00 Semestres,50,,1078255,CAMPUS SEDE,Avenida Rio Claro,290,CAMPUS SEDE,Vila Areião,3538709,Piracicaba,SP,13/06/2022,12/1/2021,4,2021,,,,,,,,0913E01,Enfermagem,913,Enfermagem,91,Saúde,9,Saúde e bem-estar
1032,UNISAL,CENTRO UNIVERSITÁRIO SALESIANO DE SÃO PAULO,Privada sem fins lucrativos,Centro Universitário,Ativa,,1321737,LOGÍSTICA,Tecnológico,Educação Presencial,Em atividade,50,1820,Semestral,,,,,,,4.0 Semestres,50,,698327,UNIDADE  - PIRACICABA,Rua Boa Morte,1835,UNIDADE  - PIRACICABA,Centro,3538709,Piracicaba,SP,30/10/2015,10/30/2015,,,,,,,,,,0413L01,Logística,413,Gestão e administração,41,Negócios e administração,4,"Negócios, administração e direito"
4150,FATEP,FACULDADE DE TECNOLOGIA DE PIRACICABA,Privada com fins lucrativos,Faculdade ,Ativa,,100002,PRODUÇÃO SUCROALCOOLEIRA,Tecnológico,Educação Presencial,Em extinção,100,2600,Semestral,,,,,,,6.0 Semestres,100,,1078255,CAMPUS SEDE,Avenida Rio Claro,290,CAMPUS SEDE,Vila Areião,3538709,Piracicaba,SP,05/03/2007,1/10/2007,3,2017,,,,,,,,0721P03,Produção sucroalcooleira,721,Processamento de alimentos,72,Produção e processamento,7,"Engenharia, produção e construção"
266,UNIMEP,UNIVERSIDADE METODISTA DE PIRACICABA,Privada sem fins lucrativos,Universidade,Ativa,Adesão ao PROIES,6392,ADMINISTRAÇÃO,Bacharelado,Educação Presencial,Em atividade,320,3000,Semestral,,,8.00 Semestres,80,,,8.00 Semestres,240,,657810,Unidade  Taquaral,Rodovia do Açúcar,7000,Km 156 (SP 308),Taquaral,3538709,Piracicaba,SP,20/04/1964,1/15/1970,,,3,250,2018,3,2018,3,2018,0413A01,Administração,413,Gestão e administração,41,Negócios e administração,4,"Negócios, administração e direito"
4917,,FACULDADE ANGLO,Privada com fins lucrativos,Faculdade ,Extinta,"Acervo Acadêmico, Descredenciada por medida de supervisão",109472,ADMINISTRAÇÃO,Bacharelado,Educação Presencial,Extinto,160,3556,Semestral,,,8.0 Semestres,40,,,8.0 Semestres,40,,1069825,CAMPUS CIDADE ALTA,Rua Silva Jardim,1763,,Alto,3538709,Piracicaba,SP,09/02/2009,1/31/2008,,,,,,,,,,0413A01,Administração,413,Gestão e administração,41,Negócios e administração,4,"Negócios, administração e direito"
22222,UNIVERITAS PCBA,FACULDADE UNIVERITAS UNIVERSUS VERITAS DE PIRACICABA,Privada com fins lucrativos,Faculdade ,Ativa,Em Descredenciamento voluntário,1390491,CIÊNCIAS CONTÁBEIS,Bacharelado,Educação Presencial,Em extinção,240,3000,Semestral,,,8.00 Semestres,0,,,8.00 Semestres,0,,1125280,Endereço principal,Travessa Evangelho Vivo,50,Endereço principal,Morumbi,3538709,Piracicaba,SP,Não iniciado,10/30/2019,4,2018,,,,,,,,0411C01,Contabilidade,411,Contabilidade e tributação,41,Negócios e administração,4,"Negócios, administração e direito"
4656,,FACULDADE ANHANGÜERA DE PIRACICABA,Privada com fins lucrativos,Faculdade ,Ativa,,104834,ADMINISTRAÇÃO,Bacharelado,Educação Presencial,Em atividade,180,3000,Semestral,,,8.00 Semestres,90,,,8.00 Semestres,90,,659895,CAMPUS - PIRACICABA - PIRACICAMIRIM,Rua Santa Catarina,1005,,Piracicamirim,3538709,Piracicaba,SP,01/08/2007,7/10/2007,4,2011,3,256,2018,3,2018,3,2018,0413A01,Administração,413,Gestão e administração,41,Negócios e administração,4,"Negócios, administração e direito"
55,USP,UNIVERSIDADE DE SÃO PAULO,Pública Estadual,Universidade,Ativa,,2875,ENGENHARIA AGRONÔMICA,Bacharelado,Educação Presencial,Em atividade,200,4410,Semestral,10.0 Semestres,200,,,,,,,,1299,Escola Superior de Agricultura Luiz de Queiroz - ESALQ,Av. Pádua Dias,11,Escola Superior de Agricultura Luiz de Queiroz,Agronomia,3538709,Piracicaba,SP,03/06/1901,12/29/1900,,,,,,,,,,0811A04,Agronomia,811,"Produção agrícola, agropecuária e zootecnia",81,Agricultura,8,"Agricultura, silvicultura, pesca e veterinária"
266,UNIMEP,UNIVERSIDADE METODISTA DE PIRACICABA,Privada sem fins lucrativos,Universidade,Ativa,Adesão ao PROIES,1455061,ARQUITETURA E URBANISMO,Bacharelado,Educação Presencial,Em atividade,80,4485,Semestral,10.0 Semestres,0,,,,,,,,657810,Unidade  Taquaral,Rodovia do Açúcar,7000,Km 156 (SP 308),Taquaral,3538709,Piracicaba,SP,Não iniciado,12/26/2018,,,,,,,,,,0731A02,Arquitetura e urbanismo,731,Arquitetura e planejamento urbano,73,Arquitetura e construção,7,"Engenharia, produção e construção"
266,UNIMEP,UNIVERSIDADE METODISTA DE PIRACICABA,Privada sem fins lucrativos,Universidade,Ativa,Adesão ao PROIES,1473937,BIOMEDICINA,Bacharelado,Educação Presencial,Em atividade,100,3400,Semestral,,,,,,,8.00 Semestres,0,,657810,Unidade  Taquaral,Rodovia do Açúcar,7000,Km 156 (SP 308),Taquaral,3538709,Piracicaba,SP,Não iniciado,10/22/2021,4,2021,,,,,,,,0914B01,Biomedicina,914,Tecnologia de diagnóstico e tratamento médico,91,Saúde,9,Saúde e bem-estar
4150,FATEP,FACULDADE DE TECNOLOGIA DE PIRACICABA,Privada com fins lucrativos,Faculdade ,Ativa,,100008,GESTÃO DA PRODUÇÃO INDUSTRIAL,Tecnológico,Educação Presencial,Extinto,100,2600,Semestral,,,,,,,6.0 Semestres,100,Visita Obrigatória no Próximo Ato,1078255,CAMPUS SEDE,Avenida Rio Claro,290,CAMPUS SEDE,Vila Areião,3538709,Piracicaba,SP,05/03/2007,1/10/2007,,,,,,,,,,0413G01,Gestão da produção,413,Gestão e administração,41,Negócios e administração,4,"Negócios, administração e direito"
15682,Fatec Piracicaba,Faculdade de Tecnologia de Piracicaba,Pública Estadual,Faculdade ,Ativa,,1212563,AGROINDÚSTRIA,Tecnológico,Educação Presencial,Extinto,40,2800,Semestral,,,,,,,6.0 Semestres,40,,1051621,Unidade Sede,Rua Diácono Jair de Oliveira,651,,Santa Rosa,3538709,Piracicaba,SP,06/02/2012,,,,,,,,,,,0811A02,Agroindústria,811,"Produção agrícola, agropecuária e zootecnia",81,Agricultura,8,"Agricultura, silvicultura, pesca e veterinária"
4917,,FACULDADE ANGLO,Privada com fins lucrativos,Faculdade ,Extinta,"Acervo Acadêmico, Descredenciada por medida de supervisão",118812,RELAÇÕES INTERNACIONAIS,Bacharelado,Educação Presencial,Extinto,160,3160,Semestral,,,8.0 Semestres,40,,,8.0 Semestres,40,,1069825,CAMPUS CIDADE ALTA,Rua Silva Jardim,1763,,Alto,3538709,Piracicaba,SP,09/02/2009,2/9/2009,,,,,,,,,,0312R01,Relações internacionais,312,Ciências sociais e políticas,31,Ciências sociais e comportamentais,3,"Ciências sociais, comunicação e informação"
266,UNIMEP,UNIVERSIDADE METODISTA DE PIRACICABA,Privada sem fins lucrativos,Universidade,Ativa,Adesão ao PROIES,415946,CIÊNCIAS BIOLÓGICAS ,Bacharelado,Educação Presencial,Em extinção,40,3434,Semestral,,,,,,,8.0 Semestres,40,,657810,Unidade  Taquaral,Rodovia do Açúcar,7000,Km 156 (SP 308),Taquaral,3538709,Piracicaba,SP,16/02/2009,9/24/2008,5,2013,3,242,2017,2,2017,2,2017,0511B01,Biologia,511,Biologia,51,Ciências biológicas e correlatas,5,"Ciências naturais, matemática e estatística"
1032,UNISAL,CENTRO UNIVERSITÁRIO SALESIANO DE SÃO PAULO,Privada sem fins lucrativos,Centro Universitário,Ativa,,1572578,ENGENHARIA DE PRODUÇÃO,Bacharelado,Educação Presencial,Em atividade,50,3600,Semestral,,,,,,,10.00 Semestres,0,,1090592,Unidade de Ensino de Piracicaba - Campus Assunção,Rua Boa Morte,1835,,Centro,3538709,Piracicaba,SP,Não iniciado,12/13/2021,,,,,,,,,,0725E02,Engenharia de produção,725,Produção e processos de fabricação,72,Produção e processamento,7,"Engenharia, produção e construção"
4656,,FACULDADE ANHANGÜERA DE PIRACICABA,Privada com fins lucrativos,Faculdade ,Ativa,,1303754,ARQUITETURA E URBANISMO,Bacharelado,Educação Presencial,Em atividade,126,3600,Semestral,,,10.00 Semestres,42,10.00 semestres,42,10.00 Semestres,42,,659895,CAMPUS - PIRACICABA - PIRACICAMIRIM,Rua Santa Catarina,1005,,Piracicamirim,3538709,Piracicaba,SP,13/02/2017,7/18/2016,4,2022,,,,,,,,0731A02,Arquitetura e urbanismo,731,Arquitetura e planejamento urbano,73,Arquitetura e construção,7,"Engenharia, produção e construção"
15682,Fatec Piracicaba,Faculdade de Tecnologia de Piracicaba,Pública Estadual,Faculdade ,Ativa,,1313462,ALIMENTOS,Tecnológico,Educação Presencial,Em atividade,80,2800,Semestral,,,6.00 Semestres,80,,,,,,1051621,Unidade Sede,Rua Diácono Jair de Oliveira,651,,Santa Rosa,3538709,Piracicaba,SP,12/06/2014,3/15/2014,,,,,,,,,,0721A01,Alimentos,721,Processamento de alimentos,72,Produção e processamento,7,"Engenharia, produção e construção"
4656,,FACULDADE ANHANGÜERA DE PIRACICABA,Privada com fins lucrativos,Faculdade ,Ativa,,104836,CIÊNCIA DA COMPUTAÇÃO,Bacharelado,Educação Presencial,Em atividade,90,3200,Semestral,,,,,,,8.00 Semestres,90,,659895,CAMPUS - PIRACICABA - PIRACICAMIRIM,Rua Santa Catarina,1005,,Piracicamirim,3538709,Piracicaba,SP,26/01/2008,7/10/2007,4,2023,3,227,2021,2,2021,2,2021,0614C01,Ciência da computação,614,Ciência da computação,61,Computação e Tecnologias da Informação e Comunicação (TIC),6,Computação e Tecnologias da Informação e Comunicação (TIC)
1810,IFSP,"INSTITUTO FEDERAL DE EDUCAÇÃO, CIÊNCIA E TECNOLOGIA DE SÃO PAULO",Pública Federal,"Instituto Federal de Educação, Ciência e Tecnologia",Ativa,,1181037,ANÁLISE E DESENVOLVIMENTO DE SISTEMAS,Tecnológico,Educação Presencial,Em atividade,40,2000,Semestral,,,,,,,6.00 Semestres,40,,1071865,IFSP - Campus Piracicaba,Rua Diácono Jair de Oliveira,1005,,Loteamento Santa Rosa,3538709,Piracicaba,SP,01/08/2012,5/10/2012,4,2015,3,293,2021,3,2021,3,2021,0615S02,Sistemas de informação,615,Gestão e desenvolvimento de sistemas de informação,61,Computação e Tecnologias da Informação e Comunicação (TIC),6,Computação e Tecnologias da Informação e Comunicação (TIC)
1032,UNISAL,CENTRO UNIVERSITÁRIO SALESIANO DE SÃO PAULO,Privada sem fins lucrativos,Centro Universitário,Ativa,,1258627,GESTÃO DE RECURSOS HUMANOS,Tecnológico,Educação Presencial,Em atividade,50,1601,Semestral,,,,,,,4.0 Semestres,50,,698327,UNIDADE  - PIRACICABA,Rua Boa Morte,1835,UNIDADE  - PIRACICABA,Centro,3538709,Piracicaba,SP,05/10/2015,10/5/2015,4,2019,,,,2,2018,2,2018,0413G07,Gestão de pessoas,413,Gestão e administração,41,Negócios e administração,4,"Negócios, administração e direito"
15682,Fatec Piracicaba,Faculdade de Tecnologia de Piracicaba,Pública Estadual,Faculdade ,Ativa,,1150361,BIOCOMBUSTÍVEIS,Tecnológico,Educação Presencial,Em atividade,80,2800,Semestral,,,,,,,6.00 Semestres,80,,1051621,Unidade Sede,Rua Diácono Jair de Oliveira,651,,Santa Rosa,3538709,Piracicaba,SP,21/01/2008,,,,,,,,,,,0711B01,Biocombustíveis,711,Engenharia química e de processos,71,Engenharia e profissões correlatas,7,"Engenharia, produção e construção"
466,UAM,UNIVERSIDADE ANHEMBI MORUMBI,Privada com fins lucrativos,Universidade,Ativa,Em Supervisão - Procedimento Saneador sem Medida Cautelar,1454870,PSICOLOGIA,Bacharelado,Educação Presencial,Em atividade,200,4000,Semestral,,,10.00 Semestres,100,,,10.00 Semestres,100,,1081876,CAMPUS PIRACICABA,Avenida Rio das Pedras,1601,,Piracicamirim,3538709,Piracicaba,SP,10/02/2020,6/12/2019,5,2019,,,,,,,,0313P01,Psicologia,313,Psicologia,31,Ciências sociais e comportamentais,3,"Ciências sociais, comunicação e informação"
266,UNIMEP,UNIVERSIDADE METODISTA DE PIRACICABA,Privada sem fins lucrativos,Universidade,Ativa,Adesão ao PROIES,96569,CIÊNCIAS BIOLÓGICAS ,Licenciatura,Educação Presencial,Em extinção,40,3440,Semestral,,,,,,,8.0 Semestres,40,,657810,Unidade  Taquaral,Rodovia do Açúcar,7000,Km 156 (SP 308),Taquaral,3538709,Piracicaba,SP,09/02/2004,8/14/2006,4,2007,4,327,2017,4,2017,4,2017,0114B01,Biologia formação de professor,114,Formação de professores em áreas específicas (exceto Letras),11,Educação,1,Educação
54,UNICAMP,UNIVERSIDADE ESTADUAL DE CAMPINAS,Pública Estadual,Universidade,Ativa,,2694,ODONTOLOGIA,Bacharelado,Educação Presencial,Em atividade,80,4770,Semestral,10.0 Semestres,80,,,,,,,,618,FACULDADE DE ODONTOLOGIA DE PIRACICABA - FOP/UNICAMP,Avenida Limeira,901,,Vila Rezende,3538709,Piracicaba,SP,31/01/1967,1/20/1955,,,4,335,2019,2,2019,4,2019,0911O01,Odontologia,911,Odontologia,91,Saúde,9,Saúde e bem-estar
466,UAM,UNIVERSIDADE ANHEMBI MORUMBI,Privada com fins lucrativos,Universidade,Ativa,Em Supervisão - Procedimento Saneador sem Medida Cautelar,1454866,FARMÁCIA,Bacharelado,Educação Presencial,Em atividade,200,4000,Semestral,,,8.00 Semestres,100,,,8.00 Semestres,100,,1081876,CAMPUS PIRACICABA,Avenida Rio das Pedras,1601,,Piracicamirim,3538709,Piracicaba,SP,21/02/2022,9/17/2021,4,2021,,,,,,,,0916F01,Farmácia,916,Farmácia,91,Saúde,9,Saúde e bem-estar
266,UNIMEP,UNIVERSIDADE METODISTA DE PIRACICABA,Privada sem fins lucrativos,Universidade,Ativa,Adesão ao PROIES,106864,NEGÓCIOS IMOBILIÁRIOS,Tecnológico,Educação Presencial,Extinto,60,1683,Semestral,,,,,,,4.0 Semestres,60,Em Desativação/Extinção voluntária,24965,Unidade Centro,Rua Rangel Pestana,762,,Centro,3538709,Piracicaba,SP,18/02/2008,10/17/2007,,,,,,,,,,0416N01,Negócios imobiliários,416,Gestão comercial,41,Negócios e administração,4,"Negócios, administração e direito"
4656,,FACULDADE ANHANGÜERA DE PIRACICABA,Privada com fins lucrativos,Faculdade ,Ativa,,107629,CIÊNCIAS CONTÁBEIS,Bacharelado,Educação Presencial,Em atividade,120,3000,Semestral,,,,,,,8.00 Semestres,120,,659895,CAMPUS - PIRACICABA - PIRACICAMIRIM,Rua Santa Catarina,1005,,Piracicamirim,3538709,Piracicaba,SP,26/01/2008,11/12/2007,4,2023,2,169,2018,1,2018,3,2018,0411C01,Contabilidade,411,Contabilidade e tributação,41,Negócios e administração,4,"Negócios, administração e direito"
466,UAM,UNIVERSIDADE ANHEMBI MORUMBI,Privada com fins lucrativos,Universidade,Ativa,Em Supervisão - Procedimento Saneador sem Medida Cautelar,1585478,ZOOTECNIA,Bacharelado,Educação Presencial,Em atividade,100,7200,Semestral,,,10.00 Semestres,0,,,10.00 Semestres,0,,1081876,CAMPUS PIRACICABA,Avenida Rio das Pedras,1601,,Piracicamirim,3538709,Piracicaba,SP,Não iniciado,12/13/2021,,,,,,,,,,0811Z01,Zootecnia,811,"Produção agrícola, agropecuária e zootecnia",81,Agricultura,8,"Agricultura, silvicultura, pesca e veterinária"
266,UNIMEP,UNIVERSIDADE METODISTA DE PIRACICABA,Privada sem fins lucrativos,Universidade,Ativa,Adesão ao PROIES,6393,CIÊNCIAS CONTÁBEIS,Bacharelado,Educação Presencial,Em atividade,140,3094,Semestral,,,8.0 Semestres,60,,,8.0 Semestres,80,,657810,Unidade  Taquaral,Rodovia do Açúcar,7000,Km 156 (SP 308),Taquaral,3538709,Piracicaba,SP,02/08/1975,1/15/1970,,,4,303,2018,3,2018,3,2018,0411C01,Contabilidade,411,Contabilidade e tributação,41,Negócios e administração,4,"Negócios, administração e direito"
4656,,FACULDADE ANHANGÜERA DE PIRACICABA,Privada com fins lucrativos,Faculdade ,Ativa,,1385859,DIREITO,Bacharelado,Educação Presencial,Em atividade,150,3700,Semestral,,,10.00 Semestres,75,,,10.00 Semestres,75,,659895,CAMPUS - PIRACICABA - PIRACICAMIRIM,Rua Santa Catarina,1005,,Piracicamirim,3538709,Piracicaba,SP,18/02/2019,10/1/2018,4,2018,,,,,,,,0421D01,Direito,421,Direito,42,Direito,4,"Negócios, administração e direito"
266,UNIMEP,UNIVERSIDADE METODISTA DE PIRACICABA,Privada sem fins lucrativos,Universidade,Ativa,Adesão ao PROIES,6394,CIÊNCIAS ECONÔMICAS,Bacharelado,Educação Presencial,Em atividade,60,3128,Semestral,,,,,,,8.0 Semestres,60,,657810,Unidade  Taquaral,Rodovia do Açúcar,7000,Km 156 (SP 308),Taquaral,3538709,Piracicaba,SP,20/04/1964,1/15/1970,,,4,326,2018,4,2018,3,2018,0311E01,Economia,311,Economia,31,Ciências sociais e comportamentais,3,"Ciências sociais, comunicação e informação"
55,USP,UNIVERSIDADE DE SÃO PAULO,Pública Estadual,Universidade,Ativa,,351962,CIÊNCIAS BIOLÓGICAS ,Bacharelado,Educação Presencial,Em atividade,30,4110,Semestral,,,,,,,10.0 Semestres,30,,1299,Escola Superior de Agricultura Luiz de Queiroz - ESALQ,Av. Pádua Dias,11,Escola Superior de Agricultura Luiz de Queiroz,Agronomia,3538709,Piracicaba,SP,01/01/2002,7/31/2001,,,,,,,,,,0511B01,Biologia,511,Biologia,51,Ciências biológicas e correlatas,5,"Ciências naturais, matemática e estatística"
1810,IFSP,"INSTITUTO FEDERAL DE EDUCAÇÃO, CIÊNCIA E TECNOLOGIA DE SÃO PAULO",Pública Federal,"Instituto Federal de Educação, Ciência e Tecnologia",Ativa,,1188340,AUTOMAÇÃO INDUSTRIAL,Tecnológico,Educação Presencial,Em atividade,40,2766,Semestral,,,,,,,6.00 Semestres,40,,1071865,IFSP - Campus Piracicaba,Rua Diácono Jair de Oliveira,1005,,Loteamento Santa Rosa,3538709,Piracicaba,SP,01/02/2013,10/9/2012,4,2023,,,,,,,,0714A01,Automação industrial,714,Eletrônica e automação,71,Engenharia e profissões correlatas,7,"Engenharia, produção e construção"
266,UNIMEP,UNIVERSIDADE METODISTA DE PIRACICABA,Privada sem fins lucrativos,Universidade,Ativa,Adesão ao PROIES,1177042,CINEMA E AUDIOVISUAL,Bacharelado,Educação Presencial,Em atividade,60,2700,Semestral,,,8.00 Semestres,60,,,,,,657810,Unidade  Taquaral,Rodovia do Açúcar,7000,Km 156 (SP 308),Taquaral,3538709,Piracicaba,SP,13/02/2012,2/10/2012,4,2023,,,,,,,,0211C01,Cinema e audiovisual,211,"Produção audiovisual, de mídia e cultural",21,Artes,2,Artes e humanidades
1032,UNISAL,CENTRO UNIVERSITÁRIO SALESIANO DE SÃO PAULO,Privada sem fins lucrativos,Centro Universitário,Ativa,,1118991,CIÊNCIAS CONTÁBEIS,Bacharelado,Educação Presencial,Em atividade,50,3040,Semestral,,,,,,,8.00 Semestres,50,,698327,UNIDADE  - PIRACICABA,Rua Boa Morte,1835,UNIDADE  - PIRACICABA,Centro,3538709,Piracicaba,SP,31/01/2012,8/9/2011,4,2015,,,,2,2018,2,2018,0411C01,Contabilidade,411,Contabilidade e tributação,41,Negócios e administração,4,"Negócios, administração e direito"
266,UNIMEP,UNIVERSIDADE METODISTA DE PIRACICABA,Privada sem fins lucrativos,Universidade,Ativa,Adesão ao PROIES,1104072,DESIGN GRÁFICO,Tecnológico,Educação Presencial,Em atividade,60,1700,Semestral,,,,,,,4.00 Semestres,60,,657810,Unidade  Taquaral,Rodovia do Açúcar,7000,Km 156 (SP 308),Taquaral,3538709,Piracicaba,SP,18/02/2010,8/27/2009,3,2013,3,211,2018,2,2018,2,2018,0211D01,Design gráfico,211,"Produção audiovisual, de mídia e cultural",21,Artes,2,Artes e humanidades
266,UNIMEP,UNIVERSIDADE METODISTA DE PIRACICABA,Privada sem fins lucrativos,Universidade,Ativa,Adesão ao PROIES,6395,DIREITO,Bacharelado,Educação Presencial,Em atividade,160,4012,Semestral,,,10.0 Semestres,80,,,10.0 Semestres,240,,657810,Unidade  Taquaral,Rodovia do Açúcar,7000,Km 156 (SP 308),Taquaral,3538709,Piracicaba,SP,02/03/1970,10/27/1969,4,2014,3,286,2018,3,2018,3,2018,0421D01,Direito,421,Direito,42,Direito,4,"Negócios, administração e direito"
266,UNIMEP,UNIVERSIDADE METODISTA DE PIRACICABA,Privada sem fins lucrativos,Universidade,Ativa,Adesão ao PROIES,75837,EDUCAÇÃO FÍSICA,Bacharelado,Educação Presencial,Em atividade,160,3340,Semestral,,,8.0 Semestres,80,,,8.0 Semestres,80,,657810,Unidade  Taquaral,Rodovia do Açúcar,7000,Km 156 (SP 308),Taquaral,3538709,Piracicaba,SP,14/02/2005,10/23/2006,3,2009,4,317,2021,4,2021,3,2021,0915E01,Educação física,915,"Promoção, prevenção, terapia e reabilitação",91,Saúde,9,Saúde e bem-estar
266,UNIMEP,UNIVERSIDADE METODISTA DE PIRACICABA,Privada sem fins lucrativos,Universidade,Ativa,Adesão ao PROIES,6399,EDUCAÇÃO FÍSICA,Licenciatura,Educação Presencial,Em atividade,160,3200,Semestral,,,8.0 Semestres,80,,,8.0 Semestres,80,,657810,Unidade  Taquaral,Rodovia do Açúcar,7000,Km 156 (SP 308),Taquaral,3538709,Piracicaba,SP,02/08/1971,7/16/1971,3,2009,4,311,2021,2,2021,3,2021,0114E03,Educação física formação de professor,114,Formação de professores em áreas específicas (exceto Letras),11,Educação,1,Educação
266,UNIMEP,UNIVERSIDADE METODISTA DE PIRACICABA,Privada sem fins lucrativos,Universidade,Ativa,Adesão ao PROIES,72540,ENFERMAGEM,Bacharelado,Educação Presencial,Em atividade,80,4180,Semestral,,,,,,,10.0 Semestres,80,,657810,Unidade  Taquaral,Rodovia do Açúcar,7000,Km 156 (SP 308),Taquaral,3538709,Piracicaba,SP,09/02/2004,3/15/2004,3,2008,3,293,2019,3,2019,3,2019,0913E01,Enfermagem,913,Enfermagem,91,Saúde,9,Saúde e bem-estar
55,USP,UNIVERSIDADE DE SÃO PAULO,Pública Estadual,Universidade,Ativa,,1292746,ADMINISTRAÇÃO,Bacharelado,Educação Presencial,Em atividade,40,3315,Semestral,,,8.0 Semestres,40,,,,,,1299,Escola Superior de Agricultura Luiz de Queiroz - ESALQ,Av. Pádua Dias,11,Escola Superior de Agricultura Luiz de Queiroz,Agronomia,3538709,Piracicaba,SP,01/01/2013,6/28/2011,,,,,,,,,,0413A01,Administração,413,Gestão e administração,41,Negócios e administração,4,"Negócios, administração e direito"
734,FIMI,FACULDADES INTEGRADAS MARIA IMACULADA,Privada sem fins lucrativos,Faculdade ,Ativa,,95129,ADMINISTRAÇÃO,Bacharelado,Educação Presencial,Em atividade,100,3480,Semestral,,,,,,,8.0 Semestres,100,,1060284,Piracicaba,Rua João Sampaio,995,,São Dimas,3538709,Piracicaba,SP,07/08/2006,6/8/2006,3,2010,,,,,,,,0413A01,Administração,413,Gestão e administração,41,Negócios e administração,4,"Negócios, administração e direito"
67,EEP/FUMEP,ESCOLA DE ENGENHARIA DE PIRACICABA,Pública Municipal,Faculdade ,Ativa,,18066,ADMINISTRAÇÃO,Bacharelado,Educação Presencial,Em atividade,90,3000,Semestral,,,,,,,8.0 Semestres,80,,1041004,Unidade SEDE,Avenida Monsenhor Martinho Salgot,560,,Areião,3538709,Piracicaba,SP,01/01/1997,11/13/1996,,,3,277,2018,3,2018,3,2018,0413A01,Administração,413,Gestão e administração,41,Negócios e administração,4,"Negócios, administração e direito"
266,UNIMEP,UNIVERSIDADE METODISTA DE PIRACICABA,Privada sem fins lucrativos,Universidade,Ativa,Adesão ao PROIES,1473939,ENGENHARIA DE PRODUÇÃO,Bacharelado,Educação Presencial,Em atividade,50,4000,Semestral,,,,,,,10.00 Semestres,0,,657810,Unidade  Taquaral,Rodovia do Açúcar,7000,Km 156 (SP 308),Taquaral,3538709,Piracicaba,SP,Não iniciado,10/6/2021,4,2021,,,,,,,,0725E02,Engenharia de produção,725,Produção e processos de fabricação,72,Produção e processamento,7,"Engenharia, produção e construção"
266,UNIMEP,UNIVERSIDADE METODISTA DE PIRACICABA,Privada sem fins lucrativos,Universidade,Ativa,Adesão ao PROIES,6411,FARMÁCIA,Bacharelado,Educação Presencial,Em atividade,120,4120,Semestral,,,8.00 Semestres,60,,,10.00 Semestres,60,,657810,Unidade  Taquaral,Rodovia do Açúcar,7000,Km 156 (SP 308),Taquaral,3538709,Piracicaba,SP,13/08/1984,3/23/1984,3,2008,4,366,2019,4,2019,4,2019,0916F01,Farmácia,916,Farmácia,91,Saúde,9,Saúde e bem-estar
4150,FATEP,FACULDADE DE TECNOLOGIA DE PIRACICABA,Privada com fins lucrativos,Faculdade ,Ativa,,1508055,CIÊNCIAS CONTÁBEIS,Bacharelado,Educação Presencial,Em atividade,100,3560,Semestral,,,,,,,8.00 Semestres,100,,1078255,CAMPUS SEDE,Avenida Rio Claro,290,CAMPUS SEDE,Vila Areião,3538709,Piracicaba,SP,01/12/2022,10/4/2021,4,2021,,,,,,,,0411C01,Contabilidade,411,Contabilidade e tributação,41,Negócios e administração,4,"Negócios, administração e direito"
4656,,FACULDADE ANHANGÜERA DE PIRACICABA,Privada com fins lucrativos,Faculdade ,Ativa,,1364448,EDUCAÇÃO FÍSICA,Licenciatura,Educação Presencial,Extinto,80,3200,Semestral,,,8.00 Semestres,40,,,8.00 Semestres,40,,659895,CAMPUS - PIRACICABA - PIRACICAMIRIM,Rua Santa Catarina,1005,,Piracicamirim,3538709,Piracicaba,SP,Não iniciado,9/28/2017,,,,,,,,,,0114E03,Educação física formação de professor,114,Formação de professores em áreas específicas (exceto Letras),11,Educação,1,Educação
266,UNIMEP,UNIVERSIDADE METODISTA DE PIRACICABA,Privada sem fins lucrativos,Universidade,Ativa,Adesão ao PROIES,1146455,COMÉRCIO EXTERIOR,Tecnológico,Educação Presencial,Extinto,60,1649,Semestral,,,,,,,4.0 Semestres,60,,24965,Unidade Centro,Rua Rangel Pestana,762,,Centro,3538709,Piracicaba,SP,21/02/2011,3/30/2011,,,,,,,,,,0413C01,Comércio exterior,413,Gestão e administração,41,Negócios e administração,4,"Negócios, administração e direito"
4917,,FACULDADE ANGLO,Privada com fins lucrativos,Faculdade ,Extinta,"Acervo Acadêmico, Descredenciada por medida de supervisão",109470,COMUNICAÇÃO SOCIAL,Bacharelado,Educação Presencial,Extinto,80,3632,Semestral,,,8.0 Semestres,40,,,8.0 Semestres,40,,659968,CAMPUS  - PIRACICABA - VILA RESENDE,Avenida Maria Elisa,352,,Vila Resende,3538709,Piracicaba,SP,09/02/2009,1/31/2008,,,,,,,,,,0321C01,Comunicação social,321,Comunicação e reportagem,32,Comunicação e informação ,3,"Ciências sociais, comunicação e informação"
1032,UNISAL,CENTRO UNIVERSITÁRIO SALESIANO DE SÃO PAULO,Privada sem fins lucrativos,Centro Universitário,Ativa,,1386158,EDUCAÇÃO FÍSICA,Bacharelado,Educação Presencial,Em atividade,50,3860,Semestral,,,,,,,12.0 Semestres,50,,698327,UNIDADE  - PIRACICABA,Rua Boa Morte,1835,UNIDADE  - PIRACICABA,Centro,3538709,Piracicaba,SP,Não iniciado,8/15/2018,4,2018,,,,,,,,0915E01,Educação física,915,"Promoção, prevenção, terapia e reabilitação",91,Saúde,9,Saúde e bem-estar
466,UAM,UNIVERSIDADE ANHEMBI MORUMBI,Privada com fins lucrativos,Universidade,Ativa,Em Supervisão - Procedimento Saneador sem Medida Cautelar,1503125,MEDICINA VETERINÁRIA,Bacharelado,Educação Presencial,Em atividade,200,4000,Semestral,,,10.00 Semestres,100,,,10.00 Semestres,100,,1081876,CAMPUS PIRACICABA,Avenida Rio das Pedras,1601,,Piracicamirim,3538709,Piracicaba,SP,21/02/2022,10/16/2020,,,,,,,,,,0841M01,Medicina veterinária,841,Veterinária,84,Veterinária,8,"Agricultura, silvicultura, pesca e veterinária"
67,EEP/FUMEP,ESCOLA DE ENGENHARIA DE PIRACICABA,Pública Municipal,Faculdade ,Ativa,,3531,CIÊNCIA DA COMPUTAÇÃO,Bacharelado,Educação Presencial,Em atividade,200,3200,Semestral,,,8.0 Semestres,0,,,8.0 Semestres,60,,1041004,Unidade SEDE,Avenida Monsenhor Martinho Salgot,560,,Areião,3538709,Piracicaba,SP,01/03/1988,8/10/1987,,,2,183,2021,1,2021,2,2021,0614C01,Ciência da computação,614,Ciência da computação,61,Computação e Tecnologias da Informação e Comunicação (TIC),6,Computação e Tecnologias da Informação e Comunicação (TIC)
4656,,FACULDADE ANHANGÜERA DE PIRACICABA,Privada com fins lucrativos,Faculdade ,Ativa,,1330697,EDUCAÇÃO FÍSICA,Bacharelado,Educação Presencial,Em atividade,120,3240,Semestral,,,8.00 Semestres,60,,,8.00 Semestres,60,,659895,CAMPUS - PIRACICABA - PIRACICAMIRIM,Rua Santa Catarina,1005,,Piracicamirim,3538709,Piracicaba,SP,14/08/2017,6/20/2017,4,2023,3,271,2021,3,2021,2,2021,0915E01,Educação física,915,"Promoção, prevenção, terapia e reabilitação",91,Saúde,9,Saúde e bem-estar
266,UNIMEP,UNIVERSIDADE METODISTA DE PIRACICABA,Privada sem fins lucrativos,Universidade,Ativa,Adesão ao PROIES,6397,FISIOTERAPIA,Bacharelado,Educação Presencial,Em atividade,120,4000,Semestral,,,10.00 Semestres,60,,,10.00 Semestres,60,,657810,Unidade  Taquaral,Rodovia do Açúcar,7000,Km 156 (SP 308),Taquaral,3538709,Piracicaba,SP,08/08/1976,5/22/1976,4,2008,4,328,2019,3,2019,4,2019,0915F01,Fisioterapia,915,"Promoção, prevenção, terapia e reabilitação",91,Saúde,9,Saúde e bem-estar
4150,FATEP,FACULDADE DE TECNOLOGIA DE PIRACICABA,Privada com fins lucrativos,Faculdade ,Ativa,,100006,GESTÃO DE RECURSOS HUMANOS,Tecnológico,Educação Presencial,Em atividade,200,1800,Semestral,,,4.0 Semestres,100,,,4.0 Semestres,100,Visita Obrigatória no Próximo Ato,1078255,CAMPUS SEDE,Avenida Rio Claro,290,CAMPUS SEDE,Vila Areião,3538709,Piracicaba,SP,05/03/2007,1/10/2007,4,2011,3,233,2018,2,2018,2,2018,0413G07,Gestão de pessoas,413,Gestão e administração,41,Negócios e administração,4,"Negócios, administração e direito"
266,UNIMEP,UNIVERSIDADE METODISTA DE PIRACICABA,Privada sem fins lucrativos,Universidade,Ativa,Adesão ao PROIES,1146453,FOTOGRAFIA,Tecnológico,Educação Presencial,Em atividade,120,1666,Semestral,,,4.0 Semestres,60,,,4.0 Semestres,60,,657810,Unidade  Taquaral,Rodovia do Açúcar,7000,Km 156 (SP 308),Taquaral,3538709,Piracicaba,SP,21/02/2011,3/30/2011,3,2020,,,,,,,,0211F01,Fotografia,211,"Produção audiovisual, de mídia e cultural",21,Artes,2,Artes e humanidades
266,UNIMEP,UNIVERSIDADE METODISTA DE PIRACICABA,Privada sem fins lucrativos,Universidade,Ativa,Adesão ao PROIES,1203444,GESTÃO DA PRODUÇÃO INDUSTRIAL,Tecnológico,Educação Presencial,Extinto,60,2465,Semestral,,,,,,,6.00 Semestres,60,,24965,Unidade Centro,Rua Rangel Pestana,762,,Centro,3538709,Piracicaba,SP,18/02/2013,2/1/2013,,,,,,,,,,0413G01,Gestão da produção,413,Gestão e administração,41,Negócios e administração,4,"Negócios, administração e direito"
67,EEP/FUMEP,ESCOLA DE ENGENHARIA DE PIRACICABA,Pública Municipal,Faculdade ,Ativa,,1514109,CIÊNCIAS CONTÁBEIS,Bacharelado,Educação Presencial,Em atividade,80,3400,Semestral,,,,,,,8.00 Semestres,80,,1041004,Unidade SEDE,Avenida Monsenhor Martinho Salgot,560,,Areião,3538709,Piracicaba,SP,Não iniciado,7/23/2019,,,,,,,,,,0411C01,Contabilidade,411,Contabilidade e tributação,41,Negócios e administração,4,"Negócios, administração e direito"
266,UNIMEP,UNIVERSIDADE METODISTA DE PIRACICABA,Privada sem fins lucrativos,Universidade,Ativa,Adesão ao PROIES,106850,GASTRONOMIA,Tecnológico,Educação Presencial,Em atividade,80,1870,Semestral,,,5.0 Semestres,40,5.0 semestres,0,5.0 Semestres,40,,657810,Unidade  Taquaral,Rodovia do Açúcar,7000,Km 156 (SP 308),Taquaral,3538709,Piracicaba,SP,18/02/2008,10/17/2007,3,2020,2,138,2015,0,2009,2,2015,1013G01,Gastronomia,1013,Serviços de alimentação,101,Serviços pessoais,10,Serviços
55,USP,UNIVERSIDADE DE SÃO PAULO,Pública Estadual,Universidade,Ativa,,19384,CIÊNCIAS ECONÔMICAS,Bacharelado,Educação Presencial,Em atividade,40,3345,Semestral,,,8.0 Semestres,40,,,,,,1299,Escola Superior de Agricultura Luiz de Queiroz - ESALQ,Av. Pádua Dias,11,Escola Superior de Agricultura Luiz de Queiroz,Agronomia,3538709,Piracicaba,SP,01/01/1998,6/24/1997,,,,,,,,,,0311E01,Economia,311,Economia,31,Ciências sociais e comportamentais,3,"Ciências sociais, comunicação e informação"
466,UAM,UNIVERSIDADE ANHEMBI MORUMBI,Privada com fins lucrativos,Universidade,Ativa,Em Supervisão - Procedimento Saneador sem Medida Cautelar,1454935,FISIOTERAPIA,Bacharelado,Educação Presencial,Em atividade,200,4000,Semestral,,,8.00 Semestres,100,,,8.00 Semestres,100,,1081876,CAMPUS PIRACICABA,Avenida Rio das Pedras,1601,,Piracicamirim,3538709,Piracicaba,SP,21/02/2022,8/19/2021,5,2021,,,,,,,,0915F01,Fisioterapia,915,"Promoção, prevenção, terapia e reabilitação",91,Saúde,9,Saúde e bem-estar
266,UNIMEP,UNIVERSIDADE METODISTA DE PIRACICABA,Privada sem fins lucrativos,Universidade,Ativa,Adesão ao PROIES,113004,QUÍMICA,Licenciatura,Educação Presencial,Extinto,60,2822,Semestral,,,,,,,6.0 Semestres,60,Em Desativação/Extinção voluntária,24965,Unidade Centro,Rua Rangel Pestana,762,,Centro,3538709,Piracicaba,SP,18/02/2008,8/14/2006,,,,,,,,,,0114Q01,Química formação de professor,114,Formação de professores em áreas específicas (exceto Letras),11,Educação,1,Educação
4656,,FACULDADE ANHANGÜERA DE PIRACICABA,Privada com fins lucrativos,Faculdade ,Ativa,,104838,ENFERMAGEM,Bacharelado,Educação Presencial,Em atividade,180,4000,Semestral,,,,,,,10.00 Semestres,180,,659895,CAMPUS - PIRACICABA - PIRACICAMIRIM,Rua Santa Catarina,1005,,Piracicamirim,3538709,Piracicaba,SP,01/08/2007,7/10/2007,4,2019,3,208,2019,3,2019,2,2019,0913E01,Enfermagem,913,Enfermagem,91,Saúde,9,Saúde e bem-estar
1032,UNISAL,CENTRO UNIVERSITÁRIO SALESIANO DE SÃO PAULO,Privada sem fins lucrativos,Centro Universitário,Ativa,,1349629,ANÁLISE E DESENVOLVIMENTO DE SISTEMAS,Tecnológico,Educação Presencial,Em atividade,50,2100,Semestral,,,,,,,4.0 Semestres,50,,698327,UNIDADE  - PIRACICABA,Rua Boa Morte,1835,UNIDADE  - PIRACICABA,Centro,3538709,Piracicaba,SP,01/12/2016,12/2/2016,,,,,,,,,,0615S02,Sistemas de informação,615,Gestão e desenvolvimento de sistemas de informação,61,Computação e Tecnologias da Informação e Comunicação (TIC),6,Computação e Tecnologias da Informação e Comunicação (TIC)
266,UNIMEP,UNIVERSIDADE METODISTA DE PIRACICABA,Privada sem fins lucrativos,Universidade,Ativa,Adesão ao PROIES,1406250,GESTÃO COMERCIAL,Tecnológico,Educação Presencial,Em atividade,60,1673,Semestral,,,,,,,4.0 Semestres,0,,657810,Unidade  Taquaral,Rodovia do Açúcar,7000,Km 156 (SP 308),Taquaral,3538709,Piracicaba,SP,Não iniciado,3/9/2018,,,,,,,,,,0416G01,Gestão comercial,416,Gestão comercial,41,Negócios e administração,4,"Negócios, administração e direito"
67,EEP/FUMEP,ESCOLA DE ENGENHARIA DE PIRACICABA,Pública Municipal,Faculdade ,Ativa,,3532,ENGENHARIA AMBIENTAL E SANITÁRIA,Bacharelado,Educação Presencial,Em atividade,120,3750,Semestral,,,10.0 Semestres,40,,,10.0 Semestres,80,,1041004,Unidade SEDE,Avenida Monsenhor Martinho Salgot,560,,Areião,3538709,Piracicaba,SP,24/02/1997,5/13/1996,,,3,216,2019,3,2019,3,2019,0712E02,Engenharia ambiental e sanitária,712,Tecnologia de proteção ambiental,71,Engenharia e profissões correlatas,7,"Engenharia, produção e construção"
55,USP,UNIVERSIDADE DE SÃO PAULO,Pública Estadual,Universidade,Ativa,,51964,GESTÃO AMBIENTAL,Bacharelado,Educação Presencial,Em atividade,40,3045,Semestral,,,,,,,8.0 Semestres,40,,1299,Escola Superior de Agricultura Luiz de Queiroz - ESALQ,Av. Pádua Dias,11,Escola Superior de Agricultura Luiz de Queiroz,Agronomia,3538709,Piracicaba,SP,01/01/2002,7/31/2001,,,,,,,,,,0712G01,Gestão ambiental,712,Tecnologia de proteção ambiental,71,Engenharia e profissões correlatas,7,"Engenharia, produção e construção"
1032,UNISAL,CENTRO UNIVERSITÁRIO SALESIANO DE SÃO PAULO,Privada sem fins lucrativos,Centro Universitário,Ativa,,1572563,ENGENHARIA DE COMPUTAÇÃO,Bacharelado,Educação Presencial,Em atividade,50,3600,Semestral,,,,,,,10.00 Semestres,0,,1090592,Unidade de Ensino de Piracicaba - Campus Assunção,Rua Boa Morte,1835,,Centro,3538709,Piracicaba,SP,Não iniciado,12/13/2021,,,,,,,,,,0616E01,Engenharia de computação (DCN Computação),616,Desenvolvimento de sistemas que integram software e hardware,61,Computação e Tecnologias da Informação e Comunicação (TIC),6,Computação e Tecnologias da Informação e Comunicação (TIC)
266,UNIMEP,UNIVERSIDADE METODISTA DE PIRACICABA,Privada sem fins lucrativos,Universidade,Ativa,Adesão ao PROIES,106868,GESTÃO DE RECURSOS HUMANOS,Tecnológico,Educação Presencial,Em atividade,120,1700,Semestral,,,,,,,4.00 Semestres,120,,24965,Unidade Centro,Rua Rangel Pestana,762,,Centro,3538709,Piracicaba,SP,18/02/2008,9/15/2008,4,2023,3,220,2015,0,2009,3,2015,0413G07,Gestão de pessoas,413,Gestão e administração,41,Negócios e administração,4,"Negócios, administração e direito"
4656,,FACULDADE ANHANGÜERA DE PIRACICABA,Privada com fins lucrativos,Faculdade ,Ativa,,1205069,ENGENHARIA CIVIL,Bacharelado,Educação Presencial,Em atividade,108,3600,Semestral,,,,,,,10.00 Semestres,108,,659895,CAMPUS - PIRACICABA - PIRACICAMIRIM,Rua Santa Catarina,1005,,Piracicamirim,3538709,Piracicaba,SP,11/08/2014,5/30/2014,4,2019,4,305,2019,4,2019,2,2019,0732E01,Engenharia civil,732,Engenharia civil e construção,73,Arquitetura e construção,7,"Engenharia, produção e construção"
67,EEP/FUMEP,ESCOLA DE ENGENHARIA DE PIRACICABA,Pública Municipal,Faculdade ,Ativa,,3530,ENGENHARIA CIVIL,Bacharelado,Educação Presencial,Em atividade,240,3750,Semestral,,,10.0 Semestres,80,10.0 semestres,0,10.0 Semestres,160,,1041004,Unidade SEDE,Avenida Monsenhor Martinho Salgot,560,,Areião,3538709,Piracicaba,SP,01/03/1969,2/7/1969,,,3,250,2019,3,2019,3,2019,0732E01,Engenharia civil,732,Engenharia civil e construção,73,Arquitetura e construção,7,"Engenharia, produção e construção"
4656,,FACULDADE ANHANGÜERA DE PIRACICABA,Privada com fins lucrativos,Faculdade ,Ativa,,1280493,ENGENHARIA DE COMPUTAÇÃO,Bacharelado,Educação Presencial,Extinto,150,3900,Semestral,,,10.00 Semestres,60,,,10.00 Semestres,90,,659895,CAMPUS - PIRACICABA - PIRACICAMIRIM,Rua Santa Catarina,1005,,Piracicamirim,3538709,Piracicaba,SP,22/02/2016,10/5/2015,,,,,,,,,,0616E01,Engenharia de computação (DCN Computação),616,Desenvolvimento de sistemas que integram software e hardware,61,Computação e Tecnologias da Informação e Comunicação (TIC),6,Computação e Tecnologias da Informação e Comunicação (TIC)
4150,FATEP,FACULDADE DE TECNOLOGIA DE PIRACICABA,Privada com fins lucrativos,Faculdade ,Ativa,,1469829,DIREITO,Bacharelado,Educação Presencial,Em atividade,100,4220,Semestral,,,,,,,10.00 Semestres,50,,1078255,CAMPUS SEDE,Avenida Rio Claro,290,CAMPUS SEDE,Vila Areião,3538709,Piracicaba,SP,13/06/2022,10/22/2021,4,2021,,,,,,,,0421D01,Direito,421,Direito,42,Direito,4,"Negócios, administração e direito"
55,USP,UNIVERSIDADE DE SÃO PAULO,Pública Estadual,Universidade,Ativa,,2895,ENGENHARIA FLORESTAL,Bacharelado,Educação Presencial,Em atividade,40,4290,Semestral,10.0 Semestres,40,,,,,,,,1299,Escola Superior de Agricultura Luiz de Queiroz - ESALQ,Av. Pádua Dias,11,Escola Superior de Agricultura Luiz de Queiroz,Agronomia,3538709,Piracicaba,SP,01/01/1972,9/12/1975,,,,,,,,,,0821E01,Engenharia florestal,821,Silvicultura,82,Silvicultura,8,"Agricultura, silvicultura, pesca e veterinária"
266,UNIMEP,UNIVERSIDADE METODISTA DE PIRACICABA,Privada sem fins lucrativos,Universidade,Ativa,Adesão ao PROIES,18458,CIÊNCIA DA COMPUTAÇÃO,Bacharelado,Educação Presencial,Extinto,80,3366,Semestral,,,8.0 Semestres,80,,,,,Em Desativação/Extinção voluntária,657810,Unidade  Taquaral,Rodovia do Açúcar,7000,Km 156 (SP 308),Taquaral,3538709,Piracicaba,SP,17/02/1997,11/20/1996,,,,,,,,,,0614C01,Ciência da computação,614,Ciência da computação,61,Computação e Tecnologias da Informação e Comunicação (TIC),6,Computação e Tecnologias da Informação e Comunicação (TIC)
55,USP,UNIVERSIDADE DE SÃO PAULO,Pública Estadual,Universidade,Ativa,,51958,CIêNCIAS DOS ALIMENTOS,Bacharelado,Educação Presencial,Em atividade,40,3795,Semestral,,,,,,,8.00 Semestres,40,,1299,Escola Superior de Agricultura Luiz de Queiroz - ESALQ,Av. Pádua Dias,11,Escola Superior de Agricultura Luiz de Queiroz,Agronomia,3538709,Piracicaba,SP,01/01/2001,6/27/2000,,,,,,,,,,0721A01,Alimentos,721,Processamento de alimentos,72,Produção e processamento,7,"Engenharia, produção e construção"
55,USP,UNIVERSIDADE DE SÃO PAULO,Pública Estadual,Universidade,Ativa,,20336,CIÊNCIAS AGRÁRIAS,Licenciatura,Educação Presencial,Em atividade,35,4380,Semestral,,,,,,,10.0 Semestres,35,,1299,Escola Superior de Agricultura Luiz de Queiroz - ESALQ,Av. Pádua Dias,11,Escola Superior de Agricultura Luiz de Queiroz,Agronomia,3538709,Piracicaba,SP,01/01/1996,8/29/1995,,,,,,,,,,0114C01,Ciências agrárias formação de professor,114,Formação de professores em áreas específicas (exceto Letras),11,Educação,1,Educação
266,UNIMEP,UNIVERSIDADE METODISTA DE PIRACICABA,Privada sem fins lucrativos,Universidade,Ativa,Adesão ao PROIES,1406249,GESTÃO FINANCEIRA,Tecnológico,Educação Presencial,Em atividade,60,1673,Semestral,,,,,,,4.0 Semestres,0,,657810,Unidade  Taquaral,Rodovia do Açúcar,7000,Km 156 (SP 308),Taquaral,3538709,Piracicaba,SP,Não iniciado,3/9/2018,,,,,,,,,,0412G01,Gestão financeira,412,"Finanças, bancos e seguros",41,Negócios e administração,4,"Negócios, administração e direito"
4150,FATEP,FACULDADE DE TECNOLOGIA DE PIRACICABA,Privada com fins lucrativos,Faculdade ,Ativa,,1259933,GESTÃO DA QUALIDADE,Tecnológico,Educação Presencial,Em atividade,100,1800,Semestral,,,,,,,4.0 Semestres,100,,1078255,CAMPUS SEDE,Avenida Rio Claro,290,CAMPUS SEDE,Vila Areião,3538709,Piracicaba,SP,01/07/2014,3/28/2014,4,2016,3,227,2018,2,2018,3,2018,0413G02,Gestão da qualidade,413,Gestão e administração,41,Negócios e administração,4,"Negócios, administração e direito"
15682,Fatec Piracicaba,Faculdade de Tecnologia de Piracicaba,Pública Estadual,Faculdade ,Ativa,,1178786,GESTÃO EMPRESARIAL,Tecnológico,Educação Presencial,Em atividade,160,2800,Semestral,,,6.00 Semestres,40,,,6.00 Semestres,40,,1051621,Unidade Sede,Rua Diácono Jair de Oliveira,651,,Santa Rosa,3538709,Piracicaba,SP,10/12/2009,,,,4,309,2018,3,2018,4,2018,0413G05,Gestão de negócios,413,Gestão e administração,41,Negócios e administração,4,"Negócios, administração e direito"
266,UNIMEP,UNIVERSIDADE METODISTA DE PIRACICABA,Privada sem fins lucrativos,Universidade,Ativa,Adesão ao PROIES,1406175,HISTÓRIA,Bacharelado,Educação Presencial,Em extinção,50,3020,Semestral,,,,,,,8.0 Semestres,0,,657810,Unidade  Taquaral,Rodovia do Açúcar,7000,Km 156 (SP 308),Taquaral,3538709,Piracicaba,SP,Não iniciado,3/9/2018,,,,,,,,,,0222H01,História,222,História e arqueologia,22,Humanidades (exceto línguas),2,Artes e humanidades
1810,IFSP,"INSTITUTO FEDERAL DE EDUCAÇÃO, CIÊNCIA E TECNOLOGIA DE SÃO PAULO",Pública Federal,"Instituto Federal de Educação, Ciência e Tecnologia",Ativa,,1188344,FÍSICA,Licenciatura,Educação Presencial,Em atividade,40,3200,Semestral,,,,,,,8.00 Semestres,40,,1071865,IFSP - Campus Piracicaba,Rua Diácono Jair de Oliveira,1005,,Loteamento Santa Rosa,3538709,Piracicaba,SP,01/02/2013,10/9/2012,4,2016,3,279,2021,3,2021,2,2021,0114F02,Física formação de professor,114,Formação de professores em áreas específicas (exceto Letras),11,Educação,1,Educação
266,UNIMEP,UNIVERSIDADE METODISTA DE PIRACICABA,Privada sem fins lucrativos,Universidade,Ativa,Adesão ao PROIES,6412,HISTÓRIA,Licenciatura,Educação Presencial,Em extinção,60,3280,Semestral,,,,,,,8.0 Semestres,60,,657810,Unidade  Taquaral,Rodovia do Açúcar,7000,Km 156 (SP 308),Taquaral,3538709,Piracicaba,SP,03/03/1986,11/22/1982,,,3,291,2021,3,2021,4,2021,0114H01,História formação de professor,114,Formação de professores em áreas específicas (exceto Letras),11,Educação,1,Educação
4656,,FACULDADE ANHANGÜERA DE PIRACICABA,Privada com fins lucrativos,Faculdade ,Ativa,,104840,ENGENHARIA DE CONTROLE E AUTOMAÇÃO,Bacharelado,Educação Presencial,Em extinção,150,3900,Semestral,,,,,,,10.00 Semestres,150,,659895,CAMPUS - PIRACICABA - PIRACICAMIRIM,Rua Santa Catarina,1005,,Piracicamirim,3538709,Piracicaba,SP,01/08/2007,7/10/2007,4,2013,2,131,2019,1,2019,1,2019,0714E05,Engenharia de controle e automação,714,Eletrônica e automação,71,Engenharia e profissões correlatas,7,"Engenharia, produção e construção"
266,UNIMEP,UNIVERSIDADE METODISTA DE PIRACICABA,Privada sem fins lucrativos,Universidade,Ativa,Adesão ao PROIES,42226,FARMÁCIA,Bacharelado,Educação Presencial,Extinto,160,4615,Semestral,,,10.0 Semestres,80,,,10.0 Semestres,80,Em Desativação/Extinção voluntária,657810,Unidade  Taquaral,Rodovia do Açúcar,7000,Km 156 (SP 308),Taquaral,3538709,Piracicaba,SP,13/08/1984,3/23/1984,,,,,,,,,,0916F01,Farmácia,916,Farmácia,91,Saúde,9,Saúde e bem-estar
21638,PECEGE,Faculdade PECEGE,Privada sem fins lucrativos,Faculdade ,Ativa,,1351831,PROCESSOS GERENCIAIS,Tecnológico,Educação Presencial,Em atividade,100,2160,Semestral,,,,,,,4.00 Semestres,100,,1076531,Sede,Rua Alexandre Herculano,120,Torre B,Vila Monteiro,3538709,Piracicaba,SP,30/07/2018,12/19/2017,4,2022,,,,,,,,0413G05,Gestão de negócios,413,Gestão e administração,41,Negócios e administração,4,"Negócios, administração e direito"
4656,,FACULDADE ANHANGÜERA DE PIRACICABA,Privada com fins lucrativos,Faculdade ,Ativa,,104842,ENGENHARIA DE PRODUÇÃO,Bacharelado,Educação Presencial,Em atividade,90,3600,Semestral,,,10.00 Semestres,45,,,10.00 Semestres,45,,659895,CAMPUS - PIRACICABA - PIRACICAMIRIM,Rua Santa Catarina,1005,,Piracicamirim,3538709,Piracicaba,SP,01/08/2007,7/10/2007,3,2014,3,237,2019,2,2019,3,2019,0725E02,Engenharia de produção,725,Produção e processos de fabricação,72,Produção e processamento,7,"Engenharia, produção e construção"
1032,UNISAL,CENTRO UNIVERSITÁRIO SALESIANO DE SÃO PAULO,Privada sem fins lucrativos,Centro Universitário,Ativa,,68610,ADMINISTRAÇÃO,Bacharelado,Educação Presencial,Em atividade,150,3000,Semestral,,,,,,,8.00 Semestres,100,,698327,UNIDADE  - PIRACICABA,Rua Boa Morte,1835,UNIDADE  - PIRACICABA,Centro,3538709,Piracicaba,SP,01/03/2004,1/12/2004,5,2006,3,232,2015,2,2018,2,2018,0413A01,Administração,413,Gestão e administração,41,Negócios e administração,4,"Negócios, administração e direito"
1032,UNISAL,CENTRO UNIVERSITÁRIO SALESIANO DE SÃO PAULO,Privada sem fins lucrativos,Centro Universitário,Ativa,,1330381,MARKETING,Tecnológico,Educação Presencial,Em atividade,50,1860,Semestral,,,,,,,4.0 Semestres,50,,698327,UNIDADE  - PIRACICABA,Rua Boa Morte,1835,UNIDADE  - PIRACICABA,Centro,3538709,Piracicaba,SP,01/04/2016,4/4/2016,,,,,,,,,,0414M01,Marketing,414,Marketing e propaganda,41,Negócios e administração,4,"Negócios, administração e direito"
1810,IFSP,"INSTITUTO FEDERAL DE EDUCAÇÃO, CIÊNCIA E TECNOLOGIA DE SÃO PAULO",Pública Federal,"Instituto Federal de Educação, Ciência e Tecnologia",Ativa,,1420616,ENGENHARIA DE COMPUTAÇÃO,Bacharelado,Educação Presencial,Em atividade,40,3349,Semestral,8.00 Semestres,40,,,,,,,,1071865,IFSP - Campus Piracicaba,Rua Diácono Jair de Oliveira,1005,,Loteamento Santa Rosa,3538709,Piracicaba,SP,02/02/2018,10/31/2017,4,2023,,,,,,,,0616E01,Engenharia de computação (DCN Computação),616,Desenvolvimento de sistemas que integram software e hardware,61,Computação e Tecnologias da Informação e Comunicação (TIC),6,Computação e Tecnologias da Informação e Comunicação (TIC)
734,FIMI,FACULDADES INTEGRADAS MARIA IMACULADA,Privada sem fins lucrativos,Faculdade ,Ativa,,99484,PEDAGOGIA,Licenciatura,Educação Presencial,Em atividade,100,3290,Semestral,,,,,,,8.0 Semestres,100,,658063,CAMPUS  - PIRACICABA - PARQUE TAQUARAL,Rua Maringá,450,,Parque Taquaral,3538709,Piracicaba,SP,31/10/2007,12/1/2006,,,,,,,,,,0113P01,Pedagogia,113,Formação de professores sem áreas específicas,11,Educação,1,Educação
266,UNIMEP,UNIVERSIDADE METODISTA DE PIRACICABA,Privada sem fins lucrativos,Universidade,Ativa,Adesão ao PROIES,27564,JORNALISMO,Bacharelado,Educação Presencial,Em atividade,120,3320,Semestral,,,8.0 Semestres,60,,,8.0 Semestres,60,,657810,Unidade  Taquaral,Rodovia do Açúcar,7000,Km 156 (SP 308),Taquaral,3538709,Piracicaba,SP,01/03/1980,9/18/1979,,,3,274,2018,3,2018,3,2018,0321J01,Jornalismo,321,Comunicação e reportagem,32,Comunicação e informação ,3,"Ciências sociais, comunicação e informação"
4656,,FACULDADE ANHANGÜERA DE PIRACICABA,Privada com fins lucrativos,Faculdade ,Ativa,,107625,ENGENHARIA ELÉTRICA,Bacharelado,Educação Presencial,Em atividade,96,3600,Semestral,,,,,,,10.00 Semestres,96,,659895,CAMPUS - PIRACICABA - PIRACICAMIRIM,Rua Santa Catarina,1005,,Piracicamirim,3538709,Piracicaba,SP,09/02/2009,11/14/2007,3,2013,3,249,2019,0,2019,3,2019,0713E05,Engenharia elétrica,713,Eletricidade e energia,71,Engenharia e profissões correlatas,7,"Engenharia, produção e construção"
4656,,FACULDADE ANHANGÜERA DE PIRACICABA,Privada com fins lucrativos,Faculdade ,Ativa,,1069526,ENGENHARIA MECÂNICA,Bacharelado,Educação Presencial,Em atividade,80,3600,Semestral,,,10.00 Semestres,40,,,10.00 Semestres,40,,659895,CAMPUS - PIRACICABA - PIRACICAMIRIM,Rua Santa Catarina,1005,,Piracicamirim,3538709,Piracicaba,SP,13/02/2012,6/2/2011,5,2023,2,190,2019,3,2019,1,2019,0715E02,Engenharia mecânica,715,Engenharia mecânica e metalurgia,71,Engenharia e profissões correlatas,7,"Engenharia, produção e construção"
466,UAM,UNIVERSIDADE ANHEMBI MORUMBI,Privada com fins lucrativos,Universidade,Ativa,Em Supervisão - Procedimento Saneador sem Medida Cautelar,1399477,MEDICINA,Bacharelado,Educação Presencial,Em atividade,113,7880,Semestral,12.00 Semestres,100,,,,,,,,1081876,CAMPUS PIRACICABA,Avenida Rio das Pedras,1601,,Piracicamirim,3538709,Piracicaba,SP,06/08/2018,5/14/2018,,,,,,,,,,0912M01,Medicina,912,Medicina,91,Saúde,9,Saúde e bem-estar
67,EEP/FUMEP,ESCOLA DE ENGENHARIA DE PIRACICABA,Pública Municipal,Faculdade ,Ativa,,1374696,ENGENHARIA DE COMPUTAÇÃO,Bacharelado,Educação Presencial,Em atividade,80,3750,Semestral,,,,,,,10.00 Semestres,80,,1041004,Unidade SEDE,Avenida Monsenhor Martinho Salgot,560,,Areião,3538709,Piracicaba,SP,10/02/2017,5/4/2016,,,,,,,,,,0616E01,Engenharia de computação (DCN Computação),616,Desenvolvimento de sistemas que integram software e hardware,61,Computação e Tecnologias da Informação e Comunicação (TIC),6,Computação e Tecnologias da Informação e Comunicação (TIC)
4656,,FACULDADE ANHANGÜERA DE PIRACICABA,Privada com fins lucrativos,Faculdade ,Ativa,,104851,FISIOTERAPIA,Bacharelado,Educação Presencial,Em atividade,90,4000,Semestral,,,,,,,10.00 Semestres,90,,659895,CAMPUS - PIRACICABA - PIRACICAMIRIM,Rua Santa Catarina,1005,,Piracicamirim,3538709,Piracicaba,SP,01/08/2007,7/10/2007,4,2012,3,283,2019,3,2019,3,2019,0915F01,Fisioterapia,915,"Promoção, prevenção, terapia e reabilitação",91,Saúde,9,Saúde e bem-estar
22222,UNIVERITAS PCBA,FACULDADE UNIVERITAS UNIVERSUS VERITAS DE PIRACICABA,Privada com fins lucrativos,Faculdade ,Ativa,Em Descredenciamento voluntário,1389024,ADMINISTRAÇÃO,Bacharelado,Educação Presencial,Extinto,240,3000,Semestral,,,8.00 Semestres,0,,,8.00 Semestres,0,,1125280,Endereço principal,Travessa Evangelho Vivo,50,Endereço principal,Morumbi,3538709,Piracicaba,SP,Não iniciado,10/30/2019,,,,,,,,,,0413A01,Administração,413,Gestão e administração,41,Negócios e administração,4,"Negócios, administração e direito"
67,EEP/FUMEP,ESCOLA DE ENGENHARIA DE PIRACICABA,Pública Municipal,Faculdade ,Ativa,,1299293,ENGENHARIA DE PRODUÇÃO,Bacharelado,Educação Presencial,Em atividade,120,3750,Semestral,,,10.0 Semestres,40,,,10.0 Semestres,80,,1041004,Unidade SEDE,Avenida Monsenhor Martinho Salgot,560,,Areião,3538709,Piracicaba,SP,03/02/2014,10/15/2013,,,3,289,2019,3,2019,3,2019,0725E02,Engenharia de produção,725,Produção e processos de fabricação,72,Produção e processamento,7,"Engenharia, produção e construção"
266,UNIMEP,UNIVERSIDADE METODISTA DE PIRACICABA,Privada sem fins lucrativos,Universidade,Ativa,Adesão ao PROIES,59115,LETRAS - INGLÊS,Licenciatura,Educação Presencial,Em extinção,40,3280,Semestral,,,,,,,8.0 Semestres,40,,657810,Unidade  Taquaral,Rodovia do Açúcar,7000,Km 156 (SP 308),Taquaral,3538709,Piracicaba,SP,03/02/2003,12/17/2002,5,2018,2,171,2021,0,2021,2,2021,0115L04,Letras inglês formação de professor,115,Formação de professores de letras,11,Educação,1,Educação
266,UNIMEP,UNIVERSIDADE METODISTA DE PIRACICABA,Privada sem fins lucrativos,Universidade,Ativa,Adesão ao PROIES,110051,MATEMÁTICA,Licenciatura,Educação Presencial,Extinto,60,2822,Semestral,,,,,,,6.0 Semestres,60,Em Desativação/Extinção voluntária,24965,Unidade Centro,Rua Rangel Pestana,762,,Centro,3538709,Piracicaba,SP,18/02/2008,12/3/2007,,,,,,,,,,0114M01,Matemática formação de professor,114,Formação de professores em áreas específicas (exceto Letras),11,Educação,1,Educação
266,UNIMEP,UNIVERSIDADE METODISTA DE PIRACICABA,Privada sem fins lucrativos,Universidade,Ativa,Adesão ao PROIES,1104728,LETRAS - INGLÊS - TRADUÇÃO E INTERPRETAÇÃO,Bacharelado,Educação Presencial,Em extinção,50,2740,Semestral,,,,,,,7.0 Semestres,50,,657810,Unidade  Taquaral,Rodovia do Açúcar,7000,Km 156 (SP 308),Taquaral,3538709,Piracicaba,SP,18/02/2010,8/27/2009,4,2018,,,,,,,,0231L22,Letras tradutor e intérprete,231,Letras,23,Línguas ,2,Artes e humanidades
266,UNIMEP,UNIVERSIDADE METODISTA DE PIRACICABA,Privada sem fins lucrativos,Universidade,Ativa,Adesão ao PROIES,59114,LETRAS - LÍNGUA PORTUGUESA,Licenciatura,Educação Presencial,Em extinção,40,2818,Semestral,,,,,8.0 semestres,0,8.0 Semestres,40,,657810,Unidade  Taquaral,Rodovia do Açúcar,7000,Km 156 (SP 308),Taquaral,3538709,Piracicaba,SP,03/02/2003,12/17/2002,5,2005,4,295,2017,4,2017,4,2017,0115L13,Letras português formação de professor,115,Formação de professores de letras,11,Educação,1,Educação
4656,,FACULDADE ANHANGÜERA DE PIRACICABA,Privada com fins lucrativos,Faculdade ,Ativa,,118798,GESTÃO DE RECURSOS HUMANOS,Tecnológico,Educação Presencial,Em atividade,96,1720,Semestral,,,4.00 Semestres,48,,,4.00 Semestres,48,,659895,CAMPUS - PIRACICABA - PIRACICAMIRIM,Rua Santa Catarina,1005,,Piracicamirim,3538709,Piracicaba,SP,01/08/2009,2/9/2009,2,2011,4,347,2018,5,2018,4,2018,0413G07,Gestão de pessoas,413,Gestão e administração,41,Negócios e administração,4,"Negócios, administração e direito"
266,UNIMEP,UNIVERSIDADE METODISTA DE PIRACICABA,Privada sem fins lucrativos,Universidade,Ativa,Adesão ao PROIES,106858,LOGÍSTICA,Tecnológico,Educação Presencial,Em atividade,120,1640,Semestral,,,,,,,4.00 Semestres,120,,657810,Unidade  Taquaral,Rodovia do Açúcar,7000,Km 156 (SP 308),Taquaral,3538709,Piracicaba,SP,18/02/2008,10/20/2008,4,2023,3,215,2015,,,2,2015,0413L01,Logística,413,Gestão e administração,41,Negócios e administração,4,"Negócios, administração e direito"
4656,,FACULDADE ANHANGÜERA DE PIRACICABA,Privada com fins lucrativos,Faculdade ,Ativa,,1117183,LOGÍSTICA,Tecnológico,Educação Presencial,Em atividade,108,1720,Semestral,,,,,,,4.00 Semestres,108,,659895,CAMPUS - PIRACICABA - PIRACICAMIRIM,Rua Santa Catarina,1005,,Piracicamirim,3538709,Piracicaba,SP,13/02/2012,3/21/2011,4,2019,,,,,,,,0413L01,Logística,413,Gestão e administração,41,Negócios e administração,4,"Negócios, administração e direito"
266,UNIMEP,UNIVERSIDADE METODISTA DE PIRACICABA,Privada sem fins lucrativos,Universidade,Ativa,Adesão ao PROIES,6417,FILOSOFIA,Licenciatura,Educação Presencial,Extinto,60,2890,Semestral,,,,,8.0 semestres,0,8.0 Semestres,60,,657810,Unidade  Taquaral,Rodovia do Açúcar,7000,Km 156 (SP 308),Taquaral,3538709,Piracicaba,SP,29/02/1988,9/6/1983,,,,,,,,,,0114F01,Filosofia formação de professor,114,Formação de professores em áreas específicas (exceto Letras),11,Educação,1,Educação
67,EEP/FUMEP,ESCOLA DE ENGENHARIA DE PIRACICABA,Pública Municipal,Faculdade ,Ativa,,18966,ENGENHARIA MECÂNICA,Bacharelado,Educação Presencial,Em atividade,240,3750,Semestral,,,10.0 Semestres,80,,,10.0 Semestres,160,,1041004,Unidade SEDE,Avenida Monsenhor Martinho Salgot,560,,Areião,3538709,Piracicaba,SP,03/03/1980,7/23/1979,,,3,219,2019,3,2019,2,2019,0715E02,Engenharia mecânica,715,Engenharia mecânica e metalurgia,71,Engenharia e profissões correlatas,7,"Engenharia, produção e construção"
4656,,FACULDADE ANHANGÜERA DE PIRACICABA,Privada com fins lucrativos,Faculdade ,Ativa,,1404735,NUTRIÇÃO,Bacharelado,Educação Presencial,Em atividade,60,3210,Semestral,,,8.00 Semestres,30,,,8.00 Semestres,30,,659895,CAMPUS - PIRACICABA - PIRACICAMIRIM,Rua Santa Catarina,1005,,Piracicamirim,3538709,Piracicaba,SP,27/02/2020,3/22/2019,4,2018,,,,,,,,0915N01,Nutrição,915,"Promoção, prevenção, terapia e reabilitação",91,Saúde,9,Saúde e bem-estar
55,USP,UNIVERSIDADE DE SÃO PAULO,Pública Estadual,Universidade,Ativa,,51962,CIÊNCIAS BIOLÓGICAS ,Licenciatura,Educação Presencial,Em atividade,30,3945,Semestral,,,,,,,10.0 Semestres,30,,1299,Escola Superior de Agricultura Luiz de Queiroz - ESALQ,Av. Pádua Dias,11,Escola Superior de Agricultura Luiz de Queiroz,Agronomia,3538709,Piracicaba,SP,01/01/2002,7/31/2001,,,,,,,,,,0114B01,Biologia formação de professor,114,Formação de professores em áreas específicas (exceto Letras),11,Educação,1,Educação
266,UNIMEP,UNIVERSIDADE METODISTA DE PIRACICABA,Privada sem fins lucrativos,Universidade,Ativa,Adesão ao PROIES,75772,MARKETING,Tecnológico,Educação Presencial,Em extinção,80,1819,Semestral,,,,,,,5.0 Semestres,80,Em Desativação/Extinção voluntária,657810,Unidade  Taquaral,Rodovia do Açúcar,7000,Km 156 (SP 308),Taquaral,3538709,Piracicaba,SP,14/02/2005,8/15/2005,,,3,232,2012,0,2009,3,2012,0414M01,Marketing,414,Marketing e propaganda,41,Negócios e administração,4,"Negócios, administração e direito"
4150,FATEP,FACULDADE DE TECNOLOGIA DE PIRACICABA,Privada com fins lucrativos,Faculdade ,Ativa,,100004,LOGÍSTICA,Tecnológico,Educação Presencial,Em atividade,100,1800,Semestral,,,,,,,4.0 Semestres,100,Visita Obrigatória no Próximo Ato,1078255,CAMPUS SEDE,Avenida Rio Claro,290,CAMPUS SEDE,Vila Areião,3538709,Piracicaba,SP,05/03/2007,1/10/2007,4,2011,3,272,2018,3,2018,2,2018,0413L01,Logística,413,Gestão e administração,41,Negócios e administração,4,"Negócios, administração e direito"
266,UNIMEP,UNIVERSIDADE METODISTA DE PIRACICABA,Privada sem fins lucrativos,Universidade,Ativa,Adesão ao PROIES,1104077,MARKETING,Tecnológico,Educação Presencial,Extinto,60,1683,Semestral,,,,,,,4.0 Semestres,60,,24965,Unidade Centro,Rua Rangel Pestana,762,,Centro,3538709,Piracicaba,SP,18/02/2010,9/21/2009,,,,,,,,,,0414M01,Marketing,414,Marketing e propaganda,41,Negócios e administração,4,"Negócios, administração e direito"
4150,FATEP,FACULDADE DE TECNOLOGIA DE PIRACICABA,Privada com fins lucrativos,Faculdade ,Ativa,,1353487,ADMINISTRAÇÃO,Bacharelado,Educação Presencial,Em atividade,200,3440,Semestral,,,8.00 Semestres,100,,,8.00 Semestres,100,,1078255,CAMPUS SEDE,Avenida Rio Claro,290,CAMPUS SEDE,Vila Areião,3538709,Piracicaba,SP,06/02/2018,12/11/2017,4,2023,,,,,,,,0413A01,Administração,413,Gestão e administração,41,Negócios e administração,4,"Negócios, administração e direito"
1032,UNISAL,CENTRO UNIVERSITÁRIO SALESIANO DE SÃO PAULO,Privada sem fins lucrativos,Centro Universitário,Ativa,,68612,SISTEMA DE INFORMAÇÃO,Bacharelado,Educação Presencial,Extinto,100,3200,Semestral,,,,,,,8.00 Semestres,60,,698327,UNIDADE  - PIRACICABA,Rua Boa Morte,1835,UNIDADE  - PIRACICABA,Centro,3538709,Piracicaba,SP,31/01/2005,1/12/2004,,,,,,,,,,0615S02,Sistemas de informação,615,Gestão e desenvolvimento de sistemas de informação,61,Computação e Tecnologias da Informação e Comunicação (TIC),6,Computação e Tecnologias da Informação e Comunicação (TIC)
266,UNIMEP,UNIVERSIDADE METODISTA DE PIRACICABA,Privada sem fins lucrativos,Universidade,Ativa,Adesão ao PROIES,79926,MATEMÁTICA,Licenciatura,Educação Presencial,Em extinção,40,2822,Semestral,,,,,8.0 semestres,0,8.0 Semestres,40,,657810,Unidade  Taquaral,Rodovia do Açúcar,7000,Km 156 (SP 308),Taquaral,3538709,Piracicaba,SP,12/02/2001,11/8/2004,4,2017,3,213,2017,2,2017,3,2017,0114M01,Matemática formação de professor,114,Formação de professores em áreas específicas (exceto Letras),11,Educação,1,Educação
4656,,FACULDADE ANHANGÜERA DE PIRACICABA,Privada com fins lucrativos,Faculdade ,Ativa,,1497562,ODONTOLOGIA,Bacharelado,Educação Presencial,Em atividade,90,4000,Semestral,,,10.00 Semestres,45,,,10.00 Semestres,45,,659895,CAMPUS - PIRACICABA - PIRACICAMIRIM,Rua Santa Catarina,1005,,Piracicamirim,3538709,Piracicaba,SP,08/08/2022,4/1/2022,4,2021,,,,,,,,0911O01,Odontologia,911,Odontologia,91,Saúde,9,Saúde e bem-estar
4917,,FACULDADE ANGLO,Privada com fins lucrativos,Faculdade ,Extinta,"Acervo Acadêmico, Descredenciada por medida de supervisão",109471,COMUNICAÇÃO SOCIAL,Bacharelado,Educação Presencial,Extinto,80,3632,Semestral,,,8.0 Semestres,40,,,8.0 Semestres,40,,659968,CAMPUS  - PIRACICABA - VILA RESENDE,Avenida Maria Elisa,352,,Vila Resende,3538709,Piracicaba,SP,09/02/2009,1/31/2008,,,,,,,,,,0321C01,Comunicação social,321,Comunicação e reportagem,32,Comunicação e informação ,3,"Ciências sociais, comunicação e informação"
734,FIMI,FACULDADES INTEGRADAS MARIA IMACULADA,Privada sem fins lucrativos,Faculdade ,Ativa,,16486,SERVIÇO SOCIAL,Bacharelado,Educação Presencial,Em atividade,125,3480,Semestral,,,,,,,8.0 Semestres,125,,1060284,Piracicaba,Rua João Sampaio,995,,São Dimas,3538709,Piracicaba,SP,25/04/1963,4/26/1963,3,2008,0,,2010,3,2007,4,2010,0923S01,Serviço social,923,Serviço social,92,Bem-estar,9,Saúde e bem-estar
4656,,FACULDADE ANHANGÜERA DE PIRACICABA,Privada com fins lucrativos,Faculdade ,Ativa,,106143,PEDAGOGIA,Licenciatura,Educação Presencial,Em atividade,192,3220,Semestral,,,,,,,8.00 Semestres,192,,659895,CAMPUS - PIRACICABA - PIRACICAMIRIM,Rua Santa Catarina,1005,,Piracicamirim,3538709,Piracicaba,SP,26/01/2008,10/3/2007,4,2011,4,297,2021,3,2021,3,2021,0113P01,Pedagogia,113,Formação de professores sem áreas específicas,11,Educação,1,Educação
22222,UNIVERITAS PCBA,FACULDADE UNIVERITAS UNIVERSUS VERITAS DE PIRACICABA,Privada com fins lucrativos,Faculdade ,Ativa,Em Descredenciamento voluntário,1389497,DIREITO,Bacharelado,Educação Presencial,Em extinção,240,4000,Semestral,,,10.00 Semestres,0,,,10.00 Semestres,0,,1125280,Endereço principal,Travessa Evangelho Vivo,50,Endereço principal,Morumbi,3538709,Piracicaba,SP,Não iniciado,10/30/2019,4,2017,,,,,,,,0421D01,Direito,421,Direito,42,Direito,4,"Negócios, administração e direito"
4150,FATEP,FACULDADE DE TECNOLOGIA DE PIRACICABA,Privada com fins lucrativos,Faculdade ,Ativa,,1512226,PSICOLOGIA,Bacharelado,Educação Presencial,Em atividade,100,4160,Semestral,,,,,,,10.00 Semestres,50,,1078255,CAMPUS SEDE,Avenida Rio Claro,290,CAMPUS SEDE,Vila Areião,3538709,Piracicaba,SP,13/06/2022,12/1/2021,4,2021,,,,,,,,0313P01,Psicologia,313,Psicologia,31,Ciências sociais e comportamentais,3,"Ciências sociais, comunicação e informação"
266,UNIMEP,UNIVERSIDADE METODISTA DE PIRACICABA,Privada sem fins lucrativos,Universidade,Ativa,Adesão ao PROIES,1331379,MEDICINA VETERINÁRIA,Bacharelado,Educação Presencial,Em atividade,80,4000,Semestral,,,,,,,10.00 Semestres,80,,657810,Unidade  Taquaral,Rodovia do Açúcar,7000,Km 156 (SP 308),Taquaral,3538709,Piracicaba,SP,11/02/2019,12/11/2017,3,2017,,,,,,,,0841M01,Medicina veterinária,841,Veterinária,84,Veterinária,8,"Agricultura, silvicultura, pesca e veterinária"
266,UNIMEP,UNIVERSIDADE METODISTA DE PIRACICABA,Privada sem fins lucrativos,Universidade,Ativa,Adesão ao PROIES,106880,MÚSICA,Licenciatura,Educação Presencial,Em extinção,60,3320,Semestral,,,,,,,8.0 Semestres,60,,657810,Unidade  Taquaral,Rodovia do Açúcar,7000,Km 156 (SP 308),Taquaral,3538709,Piracicaba,SP,18/02/2008,10/19/2007,4,2012,2,101,2021,2,2021,2,2021,0114M02,Música formação de professor,114,Formação de professores em áreas específicas (exceto Letras),11,Educação,1,Educação
266,UNIMEP,UNIVERSIDADE METODISTA DE PIRACICABA,Privada sem fins lucrativos,Universidade,Ativa,Adesão ao PROIES,102804,NEGÓCIOS INTERNACIONAIS,Bacharelado,Educação Presencial,Em extinção,80,2924,Semestral,,,8.0 Semestres,0,,,8.0 Semestres,80,,657810,Unidade  Taquaral,Rodovia do Açúcar,7000,Km 156 (SP 308),Taquaral,3538709,Piracicaba,SP,13/08/2007,9/17/2007,5,2016,,,,,,,,0413G06,Gestão de negócios internacionais,413,Gestão e administração,41,Negócios e administração,4,"Negócios, administração e direito"
266,UNIMEP,UNIVERSIDADE METODISTA DE PIRACICABA,Privada sem fins lucrativos,Universidade,Ativa,Adesão ao PROIES,6424,FONOAUDIOLOGIA,Bacharelado,Educação Presencial,Extinto,60,4063,Semestral,,,10.0 Semestres,0,,,10.0 Semestres,60,,657810,Unidade  Taquaral,Rodovia do Açúcar,7000,Km 156 (SP 308),Taquaral,3538709,Piracicaba,SP,21/02/1994,12/10/1993,,,,,,,,,,0915F02,Fonoaudiologia,915,"Promoção, prevenção, terapia e reabilitação",91,Saúde,9,Saúde e bem-estar
266,UNIMEP,UNIVERSIDADE METODISTA DE PIRACICABA,Privada sem fins lucrativos,Universidade,Ativa,Adesão ao PROIES,116018,FARMÁCIA,Bacharelado,Educação Presencial,Extinto,80,4615,Semestral,8.0 Semestres,80,,,,,,,,657810,Unidade  Taquaral,Rodovia do Açúcar,7000,Km 156 (SP 308),Taquaral,3538709,Piracicaba,SP,13/08/1984,3/23/1984,,,,,,,,,,0916F01,Farmácia,916,Farmácia,91,Saúde,9,Saúde e bem-estar
4150,FATEP,FACULDADE DE TECNOLOGIA DE PIRACICABA,Privada com fins lucrativos,Faculdade ,Ativa,,1204953,ENGENHARIA CIVIL,Bacharelado,Educação Presencial,Em atividade,100,4000,Semestral,,,,,,,10.0 Semestres,100,,1078255,CAMPUS SEDE,Avenida Rio Claro,290,CAMPUS SEDE,Vila Areião,3538709,Piracicaba,SP,01/07/2014,5/30/2014,4,2019,3,215,2019,2,2019,2,2019,0732E01,Engenharia civil,732,Engenharia civil e construção,73,Arquitetura e construção,7,"Engenharia, produção e construção"
67,EEP/FUMEP,ESCOLA DE ENGENHARIA DE PIRACICABA,Pública Municipal,Faculdade ,Ativa,,109920,ENGENHARIA MECATRÔNICA,Bacharelado,Educação Presencial,Em atividade,120,3750,Semestral,,,10.0 Semestres,0,,,10.0 Semestres,80,,1041004,Unidade SEDE,Avenida Monsenhor Martinho Salgot,560,,Areião,3538709,Piracicaba,SP,26/03/2007,2/27/2007,,,3,291,2019,4,2019,2,2019,0714E09,Engenharia mecatrônica,714,Eletrônica e automação,71,Engenharia e profissões correlatas,7,"Engenharia, produção e construção"
4150,FATEP,FACULDADE DE TECNOLOGIA DE PIRACICABA,Privada com fins lucrativos,Faculdade ,Ativa,,1176065,ENGENHARIA DE PRODUÇÃO,Bacharelado,Educação Presencial,Em atividade,200,4000,Semestral,,,10.0 Semestres,0,,,10.0 Semestres,100,,1078255,CAMPUS SEDE,Avenida Rio Claro,290,CAMPUS SEDE,Vila Areião,3538709,Piracicaba,SP,04/02/2014,11/29/2013,4,2018,3,248,2019,3,2019,2,2019,0725E02,Engenharia de produção,725,Produção e processos de fabricação,72,Produção e processamento,7,"Engenharia, produção e construção"
4656,,FACULDADE ANHANGÜERA DE PIRACICABA,Privada com fins lucrativos,Faculdade ,Ativa,,1280494,PSICOLOGIA,Bacharelado,Educação Presencial,Em atividade,150,4000,Semestral,,,10.00 Semestres,75,,,10.00 Semestres,75,,659895,CAMPUS - PIRACICABA - PIRACICAMIRIM,Rua Santa Catarina,1005,,Piracicamirim,3538709,Piracicaba,SP,13/02/2017,12/19/2016,4,2022,,,,,,,,0313P01,Psicologia,313,Psicologia,31,Ciências sociais e comportamentais,3,"Ciências sociais, comunicação e informação"
4656,,FACULDADE ANHANGÜERA DE PIRACICABA,Privada com fins lucrativos,Faculdade ,Ativa,,106146,PUBLICIDADE E PROPAGANDA,Bacharelado,Educação Presencial,Em atividade,96,2700,Semestral,,,,,,,8.00 Semestres,96,,659895,CAMPUS - PIRACICABA - PIRACICAMIRIM,Rua Santa Catarina,1005,,Piracicamirim,3538709,Piracicaba,SP,26/01/2008,10/3/2007,3,2011,3,288,2018,3,2018,3,2018,0414P01,Publicidade e propaganda,414,Marketing e propaganda,41,Negócios e administração,4,"Negócios, administração e direito"
466,UAM,UNIVERSIDADE ANHEMBI MORUMBI,Privada com fins lucrativos,Universidade,Ativa,Em Supervisão - Procedimento Saneador sem Medida Cautelar,1454959,NUTRIÇÃO,Bacharelado,Educação Presencial,Em atividade,200,3200,Semestral,,,8.00 Semestres,100,,,8.00 Semestres,100,,1081876,CAMPUS PIRACICABA,Avenida Rio das Pedras,1601,,Piracicamirim,3538709,Piracicaba,SP,10/02/2020,4/1/2019,,,,,,,,,,0915N01,Nutrição,915,"Promoção, prevenção, terapia e reabilitação",91,Saúde,9,Saúde e bem-estar
266,UNIMEP,UNIVERSIDADE METODISTA DE PIRACICABA,Privada sem fins lucrativos,Universidade,Ativa,Adesão ao PROIES,6398,NUTRIÇÃO,Bacharelado,Educação Presencial,Em atividade,120,3400,Semestral,,,8.00 Semestres,60,,,10.00 Semestres,60,,657810,Unidade  Taquaral,Rodovia do Açúcar,7000,Km 156 (SP 308),Taquaral,3538709,Piracicaba,SP,16/02/1981,10/23/1980,3,2008,4,318,2019,3,2019,4,2019,0915N01,Nutrição,915,"Promoção, prevenção, terapia e reabilitação",91,Saúde,9,Saúde e bem-estar
1032,UNISAL,CENTRO UNIVERSITÁRIO SALESIANO DE SÃO PAULO,Privada sem fins lucrativos,Centro Universitário,Ativa,,99296,PEDAGOGIA,Licenciatura,Educação Presencial,Em atividade,100,3200,Semestral,,,,,,,8.0 Semestres,60,,698327,UNIDADE  - PIRACICABA,Rua Boa Morte,1835,UNIDADE  - PIRACICABA,Centro,3538709,Piracicaba,SP,05/02/2007,1/12/2004,,,3,283,2021,3,2021,3,2021,0113P01,Pedagogia,113,Formação de professores sem áreas específicas,11,Educação,1,Educação
266,UNIMEP,UNIVERSIDADE METODISTA DE PIRACICABA,Privada sem fins lucrativos,Universidade,Ativa,Adesão ao PROIES,38963,PEDAGOGIA,Licenciatura,Educação Presencial,Em atividade,80,3230,Semestral,,,,,,,8.0 Semestres,80,,657810,Unidade  Taquaral,Rodovia do Açúcar,7000,Km 156 (SP 308),Taquaral,3538709,Piracicaba,SP,14/02/2000,11/8/2004,5,2005,3,232,2021,2,2021,2,2021,0113P01,Pedagogia,113,Formação de professores sem áreas específicas,11,Educação,1,Educação
266,UNIMEP,UNIVERSIDADE METODISTA DE PIRACICABA,Privada sem fins lucrativos,Universidade,Ativa,Adesão ao PROIES,75770,GASTRONOMIA,Sequencial,Educação Presencial,Extinto,1,2400,Semestral,,,,,4.0 semestres,1,,,,657810,Unidade  Taquaral,Rodovia do Açúcar,7000,Km 156 (SP 308),Taquaral,3538709,Piracicaba,SP,14/02/2005,,,,,,,,,,,1013G01,Gastronomia,1013,Serviços de alimentação,101,Serviços pessoais,10,Serviços
266,UNIMEP,UNIVERSIDADE METODISTA DE PIRACICABA,Privada sem fins lucrativos,Universidade,Ativa,Adesão ao PROIES,6396,PSICOLOGIA,Bacharelado,Educação Presencial,Em atividade,160,4200,Semestral,,,10.00 Semestres,80,,,11.00 Semestres,80,,657810,Unidade  Taquaral,Rodovia do Açúcar,7000,Km 156 (SP 308),Taquaral,3538709,Piracicaba,SP,12/08/1973,10/17/1972,,,3,258,2018,3,2018,3,2018,0313P01,Psicologia,313,Psicologia,31,Ciências sociais e comportamentais,3,"Ciências sociais, comunicação e informação"
4150,FATEP,FACULDADE DE TECNOLOGIA DE PIRACICABA,Privada com fins lucrativos,Faculdade ,Ativa,,1590045,ARQUITETURA E URBANISMO,Bacharelado,Educação Presencial,Em atividade,200,4250,Semestral,,,10.00 Semestres,50,,,10.00 Semestres,50,,1078255,CAMPUS SEDE,Avenida Rio Claro,290,CAMPUS SEDE,Vila Areião,3538709,Piracicaba,SP,13/06/2022,12/31/2021,,,,,,,,,,0731A02,Arquitetura e urbanismo,731,Arquitetura e planejamento urbano,73,Arquitetura e construção,7,"Engenharia, produção e construção"
266,UNIMEP,UNIVERSIDADE METODISTA DE PIRACICABA,Privada sem fins lucrativos,Universidade,Ativa,Adesão ao PROIES,29936,PUBLICIDADE E PROPAGANDA,Bacharelado,Educação Presencial,Em atividade,160,2788,Semestral,,,8.0 Semestres,80,,,8.0 Semestres,80,,657810,Unidade  Taquaral,Rodovia do Açúcar,7000,Km 156 (SP 308),Taquaral,3538709,Piracicaba,SP,01/03/1977,9/20/1978,4,2011,3,244,2018,3,2018,4,2018,0414P01,Publicidade e propaganda,414,Marketing e propaganda,41,Negócios e administração,4,"Negócios, administração e direito"
1810,IFSP,"INSTITUTO FEDERAL DE EDUCAÇÃO, CIÊNCIA E TECNOLOGIA DE SÃO PAULO",Pública Federal,"Instituto Federal de Educação, Ciência e Tecnologia",Ativa,,1363954,ENGENHARIA ELÉTRICA,Bacharelado,Educação Presencial,Em atividade,40,3600,Semestral,10.00 Semestres,40,,,,,,,,1071865,IFSP - Campus Piracicaba,Rua Diácono Jair de Oliveira,1005,,Loteamento Santa Rosa,3538709,Piracicaba,SP,02/02/2017,6/7/2016,4,2022,,,,,,,,0713E05,Engenharia elétrica,713,Eletricidade e energia,71,Engenharia e profissões correlatas,7,"Engenharia, produção e construção"
266,UNIMEP,UNIVERSIDADE METODISTA DE PIRACICABA,Privada sem fins lucrativos,Universidade,Ativa,Adesão ao PROIES,96571,QUÍMICA,Licenciatura,Educação Presencial,Em extinção,40,2822,Semestral,,,,,8.0 semestres,0,8.0 Semestres,40,,657810,Unidade  Taquaral,Rodovia do Açúcar,7000,Km 156 (SP 308),Taquaral,3538709,Piracicaba,SP,09/02/2004,8/14/2006,4,2013,4,298,2017,3,2017,3,2017,0114Q01,Química formação de professor,114,Formação de professores em áreas específicas (exceto Letras),11,Educação,1,Educação
466,UAM,UNIVERSIDADE ANHEMBI MORUMBI,Privada com fins lucrativos,Universidade,Ativa,Em Supervisão - Procedimento Saneador sem Medida Cautelar,1454762,BIOMEDICINA,Bacharelado,Educação Presencial,Em atividade,200,3200,Semestral,,,8.00 Semestres,100,,,8.00 Semestres,100,,1081876,CAMPUS PIRACICABA,Avenida Rio das Pedras,1601,,Piracicamirim,3538709,Piracicaba,SP,05/08/2019,4/10/2019,,,,,,,,,,0914B01,Biomedicina,914,Tecnologia de diagnóstico e tratamento médico,91,Saúde,9,Saúde e bem-estar
4150,FATEP,FACULDADE DE TECNOLOGIA DE PIRACICABA,Privada com fins lucrativos,Faculdade ,Ativa,,1332187,ENGENHARIA AGRONÔMICA,Bacharelado,Educação Presencial,Em atividade,150,4000,Semestral,,,10.0 Semestres,75,,,10.0 Semestres,75,,1078255,CAMPUS SEDE,Avenida Rio Claro,290,CAMPUS SEDE,Vila Areião,3538709,Piracicaba,SP,04/02/2019,11/12/2018,4,2018,,,,,,,,0811A04,Agronomia,811,"Produção agrícola, agropecuária e zootecnia",81,Agricultura,8,"Agricultura, silvicultura, pesca e veterinária"
266,UNIMEP,UNIVERSIDADE METODISTA DE PIRACICABA,Privada sem fins lucrativos,Universidade,Ativa,Adesão ao PROIES,23319,"RÁDIO, TV E INTERNET",Bacharelado,Educação Presencial,Em extinção,80,2788,Semestral,,,8.0 Semestres,0,,,8.0 Semestres,80,,657810,Unidade  Taquaral,Rodovia do Açúcar,7000,Km 156 (SP 308),Taquaral,3538709,Piracicaba,SP,21/02/1994,12/10/1993,5,2015,3,222,2009,0,2009,3,2009,0321R01,"Rádio, TV e internet",321,Comunicação e reportagem,32,Comunicação e informação ,3,"Ciências sociais, comunicação e informação"
266,UNIMEP,UNIVERSIDADE METODISTA DE PIRACICABA,Privada sem fins lucrativos,Universidade,Ativa,Adesão ao PROIES,98478,REDES DE COMPUTADORES,Tecnológico,Educação Presencial,Em extinção,40,2240,Semestral,,,,,,,6.0 Semestres,40,,657810,Unidade  Taquaral,Rodovia do Açúcar,7000,Km 156 (SP 308),Taquaral,3538709,Piracicaba,SP,14/08/2006,12/20/2006,5,2014,3,288,2017,3,2017,3,2017,0612R01,Redes de computadores,612,Infraestrutura e gestão de TIC,61,Computação e Tecnologias da Informação e Comunicação (TIC),6,Computação e Tecnologias da Informação e Comunicação (TIC)
266,UNIMEP,UNIVERSIDADE METODISTA DE PIRACICABA,Privada sem fins lucrativos,Universidade,Ativa,Adesão ao PROIES,1177432,RELAÇÕES INTERNACIONAIS,Bacharelado,Educação Presencial,Em atividade,60,3162,Semestral,,,8.0 Semestres,60,,,,,,657810,Unidade  Taquaral,Rodovia do Açúcar,7000,Km 156 (SP 308),Taquaral,3538709,Piracicaba,SP,13/02/2012,2/10/2012,4,2014,3,259,2018,2,2018,3,2018,0312R01,Relações internacionais,312,Ciências sociais e políticas,31,Ciências sociais e comportamentais,3,"Ciências sociais, comunicação e informação"
1810,IFSP,"INSTITUTO FEDERAL DE EDUCAÇÃO, CIÊNCIA E TECNOLOGIA DE SÃO PAULO",Pública Federal,"Instituto Federal de Educação, Ciência e Tecnologia",Ativa,,1261052,ENGENHARIA MECÂNICA,Bacharelado,Educação Presencial,Em atividade,40,3724,Anual,5.00 Anos,40,,,,,,,,1071865,IFSP - Campus Piracicaba,Rua Diácono Jair de Oliveira,1005,,Loteamento Santa Rosa,3538709,Piracicaba,SP,02/08/2013,11/12/2013,4,2019,3,242,2019,2,2019,3,2019,0715E02,Engenharia mecânica,715,Engenharia mecânica e metalurgia,71,Engenharia e profissões correlatas,7,"Engenharia, produção e construção"
67,EEP/FUMEP,ESCOLA DE ENGENHARIA DE PIRACICABA,Pública Municipal,Faculdade ,Ativa,,113517,FABRICAÇÃO MECÂNICA,Tecnológico,Educação Presencial,Extinto,40,2400,Semestral,,,,,,,6.0 Semestres,40,,1041004,Unidade SEDE,Avenida Monsenhor Martinho Salgot,560,,Areião,3538709,Piracicaba,SP,11/02/2008,10/11/2007,,,,,,,,,,0715F01,Fabricação mecânica,715,Engenharia mecânica e metalurgia,71,Engenharia e profissões correlatas,7,"Engenharia, produção e construção"
266,UNIMEP,UNIVERSIDADE METODISTA DE PIRACICABA,Privada sem fins lucrativos,Universidade,Ativa,Adesão ao PROIES,54538,SISTEMAS DE INFORMAÇÃO,Bacharelado,Educação Presencial,Em atividade,80,3160,Semestral,,,,,,,8.0 Semestres,80,,657810,Unidade  Taquaral,Rodovia do Açúcar,7000,Km 156 (SP 308),Taquaral,3538709,Piracicaba,SP,04/02/2002,11/8/2004,3,2023,4,327,2021,5,2021,5,2021,0615S02,Sistemas de informação,615,Gestão e desenvolvimento de sistemas de informação,61,Computação e Tecnologias da Informação e Comunicação (TIC),6,Computação e Tecnologias da Informação e Comunicação (TIC)